requested_amount,purpose,credit_score,credit_utilization,payment_history_percent,derogatory_marks,hard_inquiries,total_accounts,oldest_account_years,annual_income,employment_length_months,debt_to_income,monthly_debt_payments,target
1169.0,radio/tv,825,0.1568,0.9821,0,1,5,7.7,61793.55,137,0.0989,509.04,good
5951.0,radio/tv,492,0.5357,0.6512,1,3,5,3.2,31939.45,18,0.5079,1351.88,bad
2096.0,education,832,0.0775,0.9519,0,0,2,6.4,26605.44,59,0.2215,491.15,good
7882.0,furniture/equipment,688,0.2812,0.8351,2,1,2,8.0,45513.68,64,0.3109,1179.2,good
4870.0,new car,391,0.647,0.5541,1,4,6,6.1,37282.35,19,0.519,1612.33,bad
9055.0,education,693,0.2372,0.8063,0,0,5,7.7,23551.81,19,0.2087,409.52,good
2835.0,furniture/equipment,793,0.1605,0.9055,0,0,2,9.1,54360.01,130,0.1433,649.33,good
6948.0,used car,660,0.2519,0.7615,0,3,6,2.3,67699.18,29,0.2847,1606.25,good
3059.0,radio/tv,797,0.0616,0.9794,0,0,4,10.7,33501.59,57,0.1451,405.17,good
5234.0,new car,444,0.6912,0.6293,1,1,6,3.0,55167.23,0,0.5203,2391.97,bad
1295.0,new car,430,0.7362,0.6226,4,2,2,1.4,30765.4,0,0.5151,1320.53,bad
4308.0,business,327,0.7793,0.4828,4,0,3,5.2,31983.17,0,0.5356,1427.62,bad
1567.0,radio/tv,750,0.232,0.8694,1,0,8,3.2,37351.86,22,0.2413,751.06,good
1199.0,new car,638,0.4091,0.8061,2,1,4,9.4,27267.66,115,0.3571,811.41,bad
1403.0,new car,463,0.6284,0.5972,0,1,3,6.7,25661.33,4,0.4868,1041.07,good
1282.0,radio/tv,545,0.409,0.7357,0,0,4,4.1,20770.39,29,0.3784,655.04,bad
2424.0,radio/tv,820,0.1156,0.9571,0,0,4,9.0,66628.6,146,0.1083,601.36,good
8072.0,business,385,0.6754,0.5064,0,1,7,4.1,21822.78,0,0.5382,978.71,good
12579.0,used car,496,0.473,0.6067,1,2,2,2.2,71682.2,132,0.4368,2609.48,bad
3430.0,radio/tv,775,0.1655,0.9595,0,0,2,3.9,39550.92,132,0.154,507.56,good
2134.0,new car,767,0.1756,0.95,0,0,8,8.4,60773.77,40,0.1992,1008.94,good
2647.0,radio/tv,723,0.3164,0.8251,0,1,9,5.6,45311.84,36,0.2111,796.92,good
2241.0,new car,718,0.1957,0.916,0,0,5,4.4,31079.8,0,0.1799,465.86,good
1804.0,used car,810,0.1856,0.9421,1,0,6,8.7,42460.41,13,0.1058,374.32,good
2069.0,furniture/equipment,811,0.145,0.9699,0,0,4,0.5,39860.37,20,0.1557,517.2,good
1374.0,furniture/equipment,725,0.1943,0.8965,1,1,3,5.2,24972.83,7,0.283,589.0,good
426.0,radio/tv,763,0.2781,0.9118,2,0,2,8.8,27264.64,124,0.2035,462.43,good
409.0,radio/tv,757,0.2329,0.8899,0,0,5,6.5,50503.86,17,0.2598,1093.54,good
2415.0,radio/tv,785,0.1137,0.9062,1,0,5,6.9,40932.0,12,0.2307,786.99,good
6836.0,business,461,0.7323,0.5798,3,3,7,7.4,45287.38,120,0.5052,1906.44,bad
1913.0,business,730,0.2342,0.8467,1,2,2,7.0,28844.69,0,0.2534,609.13,good
4020.0,furniture/equipment,500,0.5605,0.6551,4,1,5,2.0,23331.57,10,0.3313,644.05,good
5866.0,new car,591,0.3552,0.7949,0,1,6,2.4,32310.19,11,0.3888,1046.96,good
1264.0,business,807,0.1248,0.9548,0,1,6,8.5,33678.31,147,0.1566,439.48,good
1474.0,furniture/equipment,650,0.4634,0.7582,2,1,2,0.5,54880.46,0,0.3493,1597.69,good
4746.0,radio/tv,532,0.4624,0.7172,4,2,6,4.5,16158.37,0,0.4935,664.46,bad
6110.0,education,673,0.3383,0.7938,2,0,3,5.4,40908.84,20,0.276,940.84,good
2100.0,radio/tv,660,0.2629,0.7757,2,1,6,3.9,29775.85,19,0.2409,597.83,bad
1225.0,domestic appliance,786,0.1771,0.9488,0,0,7,5.8,40544.02,39,0.1715,579.38,good
458.0,radio/tv,707,0.2554,0.8939,0,1,3,5.2,43276.56,5,0.2633,949.66,good
2333.0,radio/tv,721,0.2392,0.8543,1,1,3,4.6,77495.52,132,0.1535,991.06,good
1158.0,radio/tv,704,0.2662,0.8388,2,1,2,1.4,38802.07,24,0.34,1099.35,good
6204.0,repairs,659,0.3081,0.8399,2,1,3,8.1,20526.95,34,0.3183,544.48,good
6187.0,used car,772,0.0914,0.9002,3,1,8,10.5,26770.47,52,0.2006,447.45,good
6143.0,used car,459,0.6241,0.6386,3,4,5,5.6,28856.05,105,0.4649,1117.97,bad
1393.0,new car,732,0.2827,0.8267,0,0,6,8.5,67051.75,5,0.2025,1131.69,good
2299.0,radio/tv,761,0.1244,0.9546,1,1,4,8.2,36813.04,134,0.1699,521.08,good
1352.0,used car,790,0.2681,0.9422,0,0,2,4.8,12000.0,0,0.119,118.98,good
7228.0,new car,775,0.245,0.9186,0,0,4,7.5,25399.64,37,0.25,529.24,good
2073.0,radio/tv,747,0.1581,0.8947,0,1,4,0.9,43879.76,28,0.1371,501.17,good
2333.0,furniture/equipment,632,0.3729,0.8157,1,2,3,4.9,17228.47,0,0.2567,368.54,good
5965.0,used car,760,0.1568,0.9564,1,0,4,1.3,64923.71,123,0.2202,1191.39,good
1262.0,radio/tv,746,0.1374,0.9062,0,0,2,4.1,45369.86,20,0.1278,483.36,good
3378.0,used car,813,0.1243,0.9652,0,0,3,1.9,34521.08,17,0.1505,433.03,good
2225.0,new car,448,0.6537,0.5516,2,2,5,5.3,44990.23,115,0.5037,1888.54,bad
783.0,new car,824,0.1252,0.9627,0,0,2,1.6,23347.16,38,0.1381,268.7,good
6468.0,radio/tv,744,0.2339,0.9092,1,1,4,4.3,104022.57,6,0.1194,1035.21,bad
9566.0,radio/tv,629,0.376,0.8109,0,1,4,3.8,26131.4,22,0.3425,745.76,good
1961.0,new car,572,0.5323,0.7789,3,0,3,3.1,47473.04,121,0.3204,1267.35,good
6229.0,furniture/equipment,345,0.7846,0.5228,5,4,5,7.4,12551.89,0,0.6759,707.03,bad
1391.0,business,648,0.3866,0.8249,3,1,4,0.5,38311.68,20,0.3003,958.74,good
1537.0,radio/tv,834,0.0713,0.9352,0,0,5,6.2,37987.63,132,0.1415,447.96,good
1953.0,business,561,0.3455,0.742,2,3,2,9.5,72849.7,135,0.3897,2365.72,bad
14421.0,business,378,0.7471,0.5231,4,3,3,2.3,30540.57,0,0.6442,1639.63,bad
3181.0,radio/tv,712,0.2784,0.7983,1,0,2,7.6,33015.42,0,0.2191,602.94,good
5190.0,repairs,714,0.2706,0.8728,1,0,10,8.4,51725.38,117,0.2086,899.04,good
2171.0,radio/tv,706,0.3001,0.8802,1,1,3,3.9,36735.97,10,0.1848,565.65,good
1007.0,new car,662,0.2375,0.8333,1,1,3,1.1,26449.44,24,0.2466,543.52,good
1819.0,education,555,0.4828,0.7341,2,2,3,7.0,32447.46,20,0.3477,940.26,bad
2394.0,radio/tv,738,0.1998,0.9482,1,0,2,8.9,44983.33,39,0.2016,755.65,good
8133.0,used car,704,0.2782,0.8062,0,0,4,5.1,40100.76,21,0.2828,945.2,good
730.0,radio/tv,836,0.0,0.9814,0,0,6,6.0,26661.82,150,0.03,66.65,good
1164.0,other,725,0.2499,0.9162,0,1,6,9.3,81229.19,125,0.2487,1683.16,good
5954.0,business,607,0.3595,0.772,3,2,4,1.8,24464.49,61,0.3554,724.61,good
1977.0,education,523,0.4678,0.6877,2,2,5,7.2,59410.24,116,0.4164,2061.75,bad
1526.0,used car,788,0.205,0.9273,1,0,5,7.9,69913.77,121,0.183,1066.24,good
3965.0,radio/tv,440,0.6052,0.5992,3,4,3,6.0,34918.19,0,0.4947,1439.54,bad
4771.0,radio/tv,791,0.212,0.9231,0,2,4,7.6,43467.79,59,0.1557,564.08,good
9436.0,used car,754,0.1563,0.898,2,0,3,4.4,24658.87,29,0.1769,363.5,good
3832.0,furniture/equipment,539,0.5622,0.6737,1,3,3,0.5,20945.71,0,0.4707,821.66,good
5943.0,radio/tv,809,0.1002,1.0,1,0,5,2.1,44118.02,0,0.2068,760.26,bad
1213.0,radio/tv,767,0.1091,0.9312,0,0,6,7.0,53850.8,140,0.1867,837.65,good
1568.0,business,745,0.2729,0.8832,0,3,4,6.8,17200.2,26,0.2593,371.67,good
1755.0,other,756,0.2191,0.8856,0,0,2,7.4,31252.1,127,0.2489,648.21,good
2315.0,radio/tv,721,0.2299,0.8656,2,1,4,8.2,28947.1,127,0.3023,729.16,good
1412.0,business,850,0.0794,0.9017,0,0,4,3.8,88615.23,37,0.0455,336.0,good
1295.0,furniture/equipment,615,0.3777,0.7642,1,3,4,0.5,33209.16,0,0.3825,1058.55,good
12612.0,education,438,0.7153,0.6789,0,0,4,5.6,38247.1,1,0.4604,1467.42,bad
2249.0,new car,599,0.422,0.7702,1,1,2,3.7,63341.9,59,0.3467,1830.17,good
1108.0,repairs,568,0.5361,0.747,1,0,5,4.0,43099.17,45,0.3933,1412.65,bad
618.0,radio/tv,799,0.0943,0.9793,0,0,3,11.5,53918.04,139,0.1139,511.69,good
1409.0,used car,791,0.0028,0.9205,0,0,3,8.0,50302.25,141,0.1506,631.47,good
797.0,radio/tv,811,0.1584,0.9171,0,1,3,5.1,18789.72,131,0.1872,293.13,bad
3617.0,furniture/equipment,682,0.3424,0.82,0,0,6,7.3,40285.76,126,0.2491,836.16,good
1318.0,new car,769,0.0913,0.9135,0,0,4,7.7,54838.87,129,0.1091,498.44,good
15945.0,business,347,0.8382,0.492,4,3,5,6.0,35578.64,0,0.6186,1834.21,bad
2012.0,education,830,0.0,0.9993,0,0,2,4.6,45603.09,65,0.1278,485.54,good
2622.0,business,697,0.3189,0.8058,2,3,4,4.8,42677.0,28,0.3323,1181.78,good
2337.0,radio/tv,710,0.3191,0.8281,0,0,2,9.1,36885.39,130,0.1428,438.93,good
7057.0,used car,751,0.2408,0.8763,0,1,6,8.5,86874.72,64,0.2911,2107.08,good
1469.0,new car,649,0.2134,0.846,0,1,4,8.7,33157.66,123,0.2713,749.69,good
2323.0,radio/tv,565,0.4224,0.7397,2,1,3,8.1,24685.27,58,0.3906,803.57,good
932.0,radio/tv,835,0.1158,0.9267,0,0,3,2.1,43906.94,25,0.1807,661.12,good
1919.0,furniture/equipment,786,0.2297,0.9598,1,3,5,8.0,50118.4,40,0.135,563.81,good
2445.0,used car,817,0.1078,0.9116,0,0,5,8.1,42887.47,0,0.1293,462.1,good
11938.0,other,682,0.3875,0.7829,1,0,4,5.0,65296.19,27,0.3357,1826.68,bad
6458.0,new car,497,0.6021,0.6384,5,1,7,7.4,81051.44,119,0.4874,3292.05,bad
6078.0,new car,634,0.3799,0.8239,0,1,2,1.4,39383.23,57,0.3367,1104.92,good
7721.0,furniture/equipment,757,0.2417,0.8699,0,0,3,3.8,41885.09,21,0.0744,259.83,good
1410.0,business,816,0.1401,0.9097,1,1,5,4.5,48663.67,124,0.1602,649.78,good
1449.0,business,626,0.3632,0.8164,2,1,4,3.3,22993.46,122,0.3317,635.52,good
392.0,education,507,0.5315,0.6125,1,4,3,7.4,31671.52,0,0.5276,1392.62,good
6260.0,new car,549,0.4763,0.6633,4,1,3,4.8,18861.41,37,0.3797,596.8,good
7855.0,new car,526,0.5294,0.6774,2,1,9,2.4,30618.18,13,0.5065,1292.38,bad
1680.0,radio/tv,727,0.1645,0.8434,1,1,3,0.5,45205.35,113,0.2994,1128.04,good
3578.0,radio/tv,804,0.1468,0.9551,0,0,4,1.1,51817.49,134,0.1977,853.6,good
7174.0,radio/tv,571,0.4001,0.7299,2,0,3,4.9,68091.56,49,0.3236,1836.37,bad
2132.0,furniture/equipment,768,0.0907,0.9136,0,0,5,6.1,41686.32,4,0.1297,450.66,good
4281.0,furniture/equipment,627,0.3941,0.8003,1,0,6,7.7,24161.29,3,0.2501,503.57,bad
2366.0,new car,772,0.1335,0.8819,2,1,4,4.9,75566.73,71,0.165,1039.2,good
1835.0,radio/tv,603,0.5215,0.7138,4,1,4,2.2,36487.79,42,0.32,972.91,bad
3868.0,used car,758,0.175,0.9117,0,1,7,4.6,92754.12,120,0.1784,1379.13,good
1768.0,furniture/equipment,756,0.1896,0.9139,2,1,5,4.8,13757.58,28,0.1914,219.48,good
781.0,new car,755,0.1626,0.894,1,1,5,8.8,41957.33,134,0.2474,865.17,good
1924.0,furniture/equipment,630,0.3774,0.739,2,2,6,5.2,25066.57,5,0.4235,884.54,bad
2121.0,new car,568,0.4039,0.6973,3,2,6,1.0,25964.23,14,0.3652,790.16,good
701.0,radio/tv,607,0.4951,0.7623,1,3,4,3.6,26529.74,20,0.3402,752.03,good
639.0,repairs,599,0.4013,0.7744,4,0,2,1.5,31816.97,36,0.2538,672.82,bad
1860.0,used car,811,0.1258,0.9021,1,1,6,5.2,61123.59,0,0.1736,884.27,good
3499.0,new car,483,0.6391,0.6347,4,2,6,1.9,39608.08,20,0.4581,1511.96,bad
8487.0,new car,595,0.4816,0.6754,3,1,2,3.9,26502.64,77,0.4844,1069.86,good
6887.0,education,352,0.8489,0.4711,6,4,4,5.3,18590.54,9,0.5929,918.51,bad
2708.0,furniture/equipment,728,0.231,0.8094,1,1,5,5.6,17838.14,2,0.223,331.45,good
1984.0,furniture/equipment,630,0.3264,0.812,2,0,5,7.3,48494.67,30,0.3071,1241.07,good
10144.0,radio/tv,716,0.3085,0.7861,0,1,3,10.0,29389.13,58,0.2402,588.26,good
1240.0,radio/tv,842,0.118,0.9346,0,0,6,3.3,41182.8,132,0.1342,460.42,good
8613.0,used car,836,0.008,0.9201,0,0,4,5.1,36208.28,31,0.0807,243.45,good
766.0,radio/tv,770,0.1358,0.9321,0,1,4,8.0,38909.92,30,0.209,677.68,bad
2728.0,radio/tv,821,0.0918,0.9795,0,0,10,5.2,54839.05,76,0.1325,605.44,good
1881.0,radio/tv,709,0.1976,0.9261,0,0,6,5.1,23663.89,17,0.2455,484.2,good
709.0,new car,784,0.0204,0.9502,0,0,4,5.1,13389.8,10,0.1217,135.76,good
4795.0,radio/tv,408,0.6391,0.5839,3,4,2,0.5,45323.61,0,0.5218,1970.82,good
3416.0,radio/tv,542,0.3902,0.7241,3,0,5,4.9,63789.5,10,0.4194,2229.59,good
2462.0,furniture/equipment,624,0.3726,0.7438,2,0,4,5.7,33865.72,23,0.2858,806.7,bad
2288.0,furniture/equipment,733,0.1301,0.9168,0,1,2,8.6,33303.36,1,0.1635,453.73,good
3566.0,business,518,0.5449,0.6832,1,2,2,4.7,25233.1,59,0.402,845.34,good
860.0,new car,637,0.3403,0.8651,2,1,4,8.2,36433.4,118,0.2908,882.95,good
682.0,new car,784,0.1325,0.9683,0,0,6,5.8,63597.95,61,0.1637,867.77,good
5371.0,furniture/equipment,656,0.2532,0.8202,1,1,5,5.6,40877.4,23,0.3047,1038.01,good
1582.0,radio/tv,850,0.0617,0.969,0,0,6,8.7,39728.48,120,0.1365,451.9,good
1346.0,radio/tv,814,0.1083,0.9503,1,0,2,8.7,50483.74,127,0.0518,217.84,good
1924.0,radio/tv,850,0.1344,0.9832,0,0,3,7.6,49209.23,34,0.0859,352.35,good
5848.0,radio/tv,577,0.3963,0.7434,0,0,3,1.5,29557.14,4,0.3347,824.3,good
7758.0,used car,740,0.2907,0.8509,0,0,3,9.5,39106.81,133,0.1619,527.76,good
6967.0,business,668,0.2205,0.7732,0,0,3,7.9,72858.85,42,0.2709,1644.86,good
1282.0,furniture/equipment,527,0.442,0.703,5,4,4,6.3,18896.09,30,0.4249,669.01,bad
1288.0,repairs,829,0.141,0.9432,0,0,6,9.0,51247.33,135,0.0669,285.51,good
339.0,retraining,548,0.5088,0.691,3,1,3,0.5,24385.63,136,0.4316,877.17,good
3512.0,new car,620,0.384,0.8064,4,1,6,5.1,56739.82,60,0.3425,1619.44,good
1898.0,radio/tv,820,0.134,0.9468,0,0,5,3.4,19981.6,32,0.0972,161.78,good
2872.0,radio/tv,835,0.137,0.9398,0,0,2,10.3,47965.03,136,0.1492,596.45,good
1055.0,new car,713,0.26,0.7796,0,0,5,0.5,40125.36,0,0.3816,1276.05,good
1262.0,domestic appliance,818,0.1056,0.9676,0,0,4,5.2,32620.57,65,0.1708,464.23,good
7308.0,new car,533,0.5421,0.7415,1,1,3,7.0,79330.72,0,0.4001,2645.12,good
909.0,new car,692,0.2725,0.8455,2,2,5,10.2,35487.78,126,0.2276,673.21,good
2978.0,furniture/equipment,826,0.0257,0.9468,0,0,5,4.5,46083.02,47,0.1298,498.42,good
1131.0,furniture/equipment,512,0.4918,0.6203,2,2,4,0.9,40388.98,0,0.4668,1571.0,bad
1577.0,furniture/equipment,708,0.2474,0.8407,3,0,3,2.0,36428.34,10,0.1737,527.19,good
3972.0,furniture/equipment,772,0.1993,0.8792,0,0,3,8.1,26303.2,59,0.1022,223.94,good
1935.0,business,659,0.3951,0.8135,1,0,4,7.1,24944.88,134,0.2618,544.16,bad
950.0,new car,366,0.7799,0.5229,4,1,5,5.5,36605.12,132,0.6296,1920.63,bad
763.0,furniture/equipment,758,0.1507,0.9054,1,0,4,1.9,46783.86,29,0.1652,643.93,good
2064.0,furniture/equipment,653,0.3733,0.8213,2,1,4,4.7,69823.57,0,0.3309,1925.34,bad
1414.0,radio/tv,828,0.1197,1.0,0,0,3,4.2,39528.62,30,0.0527,173.67,good
3414.0,education,548,0.6179,0.6707,3,2,4,2.1,36012.25,0,0.4942,1483.12,bad
7485.0,used car,751,0.1653,0.8865,0,0,3,3.5,100635.34,0,0.2179,1827.42,bad
2577.0,furniture/equipment,590,0.5005,0.8178,1,0,3,0.6,39710.29,32,0.3774,1248.95,good
338.0,radio/tv,773,0.1292,0.9373,0,1,6,9.3,45384.43,117,0.0803,303.72,good
1963.0,radio/tv,793,0.0675,0.9199,0,0,6,3.5,73336.87,58,0.2237,1367.26,good
571.0,new car,679,0.3407,0.8399,2,1,5,5.0,48093.49,117,0.2717,1088.93,good
9572.0,business,638,0.4686,0.7078,2,2,5,0.5,35715.24,5,0.2809,836.01,bad
4455.0,business,539,0.6605,0.643,1,4,7,2.4,62118.8,20,0.4334,2243.54,bad
1647.0,new car,437,0.757,0.6286,0,4,8,1.6,14656.63,0,0.5256,641.9,bad
3777.0,furniture/equipment,805,0.0333,0.9666,0,0,2,10.3,53936.02,30,0.0762,342.66,good
884.0,new car,593,0.4488,0.7564,4,0,5,7.4,37439.52,123,0.3361,1048.77,bad
1360.0,radio/tv,816,0.1789,0.94,0,0,5,6.8,40562.56,11,0.2151,727.02,good
5129.0,used car,625,0.3836,0.7964,1,2,4,7.0,105634.65,125,0.3694,3251.97,bad
1175.0,new car,793,0.1698,0.901,1,0,8,6.9,29133.26,0,0.1863,452.31,good
674.0,radio/tv,717,0.2912,0.8199,1,1,5,0.5,28326.66,46,0.3052,720.56,bad
3244.0,furniture/equipment,533,0.5558,0.6813,3,0,5,7.7,24254.26,15,0.4583,926.34,good
4591.0,business,808,0.0941,0.9689,0,0,11,7.8,75453.4,31,0.0594,373.35,bad
3844.0,business,478,0.722,0.6308,1,3,3,8.5,15243.65,58,0.4109,521.94,bad
3915.0,business,568,0.5154,0.7287,6,4,3,2.3,46205.16,18,0.3987,1535.24,bad
2108.0,radio/tv,812,0.0751,0.9223,1,0,4,3.8,29080.16,59,0.1979,479.61,good
3031.0,radio/tv,598,0.5083,0.7194,3,1,3,6.5,31785.39,20,0.3947,1045.47,bad
1501.0,education,696,0.3135,0.8588,1,1,7,5.8,62233.65,119,0.2391,1240.23,bad
1382.0,radio/tv,850,0.0766,1.0,0,1,5,3.7,35581.25,29,0.1291,382.73,good
951.0,furniture/equipment,381,0.7099,0.5123,3,2,10,5.6,33414.19,0,0.57,1587.06,bad
2760.0,used car,727,0.2455,0.8716,1,0,3,8.0,47966.8,122,0.2406,961.9,good
4297.0,furniture/equipment,504,0.5043,0.6273,3,5,4,3.6,76884.29,128,0.4256,2726.96,bad
936.0,education,820,0.0,0.9684,0,0,5,4.2,42986.24,130,0.1365,489.11,good
1168.0,new car,482,0.6445,0.6325,1,1,6,6.9,12000.0,5,0.477,476.98,good
5117.0,business,742,0.1804,0.8962,0,0,7,9.2,33292.4,49,0.259,718.63,good
902.0,retraining,659,0.3438,0.8139,0,2,2,5.8,33838.63,66,0.3639,1026.18,bad
1495.0,new car,750,0.2111,0.9256,0,2,5,1.0,18288.71,143,0.2099,319.89,good
10623.0,used car,600,0.475,0.7573,2,1,8,9.2,60970.69,125,0.4025,2045.17,good
1935.0,furniture/equipment,835,0.1178,0.9572,0,0,8,7.7,43262.26,140,0.161,580.52,good
1424.0,domestic appliance,776,0.219,0.8964,0,0,2,7.2,32186.01,56,0.2183,585.49,good
6568.0,business,429,0.6836,0.5171,1,1,3,2.2,12000.0,1,0.5945,594.47,good
1413.0,used car,850,0.0044,1.0,0,0,2,4.4,51241.84,81,0.1511,645.12,good
3074.0,radio/tv,850,0.0436,1.0,1,0,5,5.0,44481.39,39,0.0599,221.87,good
3835.0,radio/tv,815,0.1457,0.9876,1,0,2,7.9,30241.06,139,0.1385,349.1,good
5293.0,business,444,0.6531,0.6354,2,1,4,4.9,43680.2,0,0.5629,2048.85,bad
1908.0,business,837,0.1962,0.8799,0,1,3,7.2,67133.83,130,0.1389,777.04,bad
3342.0,radio/tv,780,0.0586,0.95,0,0,5,4.7,53251.2,133,0.081,359.47,good
932.0,retraining,823,0.1137,0.9468,0,0,7,7.7,25737.76,59,0.1154,247.5,good
3104.0,business,573,0.5346,0.6604,2,4,5,3.0,44913.98,69,0.375,1403.52,good
3913.0,radio/tv,713,0.2424,0.8544,2,0,4,3.5,31722.08,32,0.2604,688.37,good
3021.0,furniture/equipment,506,0.4537,0.6062,1,2,2,2.5,13716.15,14,0.5134,586.79,good
1364.0,new car,788,0.1963,0.9377,1,0,3,5.5,40722.69,19,0.239,811.05,good
625.0,radio/tv,680,0.4202,0.8187,1,1,3,3.0,15815.04,15,0.2914,384.02,good
1200.0,education,445,0.6417,0.5912,8,1,5,8.4,30177.12,26,0.5483,1378.94,good
707.0,radio/tv,746,0.3019,0.9026,1,0,5,6.7,44579.83,23,0.272,1010.4,good
2978.0,business,825,0.0585,1.0,1,0,5,9.5,56638.76,25,0.186,877.73,good
4657.0,used car,803,0.0921,0.9818,0,0,8,3.3,40182.61,29,0.1526,510.91,good
2613.0,repairs,568,0.503,0.6734,3,0,6,1.9,32824.97,28,0.3471,949.42,good
10961.0,radio/tv,558,0.4884,0.6913,1,1,5,1.8,27787.51,53,0.3583,829.67,bad
7865.0,furniture/equipment,556,0.4488,0.6969,0,0,5,7.0,73852.01,122,0.3444,2119.29,bad
1478.0,radio/tv,813,0.1734,0.9199,0,0,4,4.2,27002.42,54,0.2378,535.06,bad
3149.0,furniture/equipment,416,0.7261,0.5105,2,4,3,0.5,38644.58,0,0.5376,1731.35,good
4210.0,radio/tv,632,0.4437,0.8107,1,2,4,1.6,29139.01,22,0.3234,785.39,bad
2507.0,new car,816,0.1628,0.9563,0,0,2,7.6,25620.36,133,0.2317,494.68,good
2141.0,radio/tv,814,0.1335,0.9679,1,1,5,1.3,39922.26,56,0.176,585.43,good
866.0,radio/tv,749,0.3441,0.8823,0,1,2,4.1,17094.34,28,0.2764,393.76,good
1544.0,radio/tv,847,0.1057,1.0,0,0,6,2.0,24660.62,59,0.1249,256.65,good
1823.0,radio/tv,516,0.5838,0.5659,2,1,5,1.0,72067.33,0,0.4798,2881.69,bad
14555.0,new car,687,0.2377,0.8343,1,1,3,2.6,12000.0,0,0.2906,290.56,bad
2767.0,business,417,0.6267,0.5702,2,2,8,1.6,32805.61,113,0.4689,1281.86,bad
1291.0,radio/tv,804,0.1856,0.9136,0,0,4,4.1,42111.96,33,0.1933,678.35,good
2522.0,radio/tv,721,0.1543,0.8976,1,0,5,6.4,39294.53,120,0.2571,841.76,good
915.0,new car,454,0.6067,0.5589,1,4,2,1.0,38525.87,109,0.5221,1676.35,bad
1595.0,radio/tv,822,0.1287,0.9727,0,0,5,2.6,55901.91,62,0.1522,709.05,good
4605.0,used car,414,0.6544,0.6043,4,2,7,6.1,27122.47,110,0.5191,1173.3,bad
1185.0,business,758,0.036,0.9665,0,0,6,5.7,35004.12,36,0.117,341.36,good
3447.0,retraining,723,0.1561,0.8801,1,0,3,6.9,24231.9,26,0.2506,506.05,good
1258.0,business,795,0.2347,0.961,1,1,3,0.8,36254.22,60,0.1616,488.15,good
717.0,radio/tv,829,0.1682,0.9609,1,0,7,6.7,48205.19,132,0.1363,547.54,good
1204.0,new car,707,0.3205,0.8433,3,1,3,1.1,38563.15,28,0.3016,969.36,good
1925.0,furniture/equipment,728,0.246,0.8817,2,1,2,4.6,32274.62,27,0.1427,383.87,good
433.0,radio/tv,705,0.2663,0.8159,1,0,3,8.2,34706.71,0,0.293,847.39,bad
666.0,new car,806,0.0696,0.9577,1,0,6,6.8,23156.59,64,0.1198,231.11,good
2251.0,furniture/equipment,752,0.1393,0.8977,1,1,3,4.5,27287.41,23,0.219,497.9,good
2150.0,new car,354,0.6426,0.5016,4,5,6,1.5,38203.53,14,0.5457,1737.38,bad
4151.0,furniture/equipment,787,0.1601,0.8687,1,0,6,7.8,42697.18,27,0.0828,294.69,good
2030.0,furniture/equipment,837,0.133,1.0,0,0,9,1.3,39602.7,63,0.1044,344.45,good
7418.0,radio/tv,737,0.2852,0.8425,1,0,4,1.4,13637.04,30,0.3382,384.33,good
2684.0,radio/tv,836,0.0986,0.982,0,0,7,2.6,18855.55,32,0.1907,299.72,good
2149.0,radio/tv,439,0.7818,0.4895,3,5,4,1.0,38264.1,18,0.6081,1939.05,bad
3812.0,used car,840,0.1141,0.9676,0,0,3,9.0,47732.62,5,0.1697,674.97,good
1154.0,radio/tv,827,0.1563,0.941,0,0,9,8.4,33828.97,3,0.1952,550.31,good
1657.0,furniture/equipment,680,0.2467,0.8021,4,0,2,3.7,41300.58,18,0.2765,951.71,good
1603.0,radio/tv,566,0.4258,0.6631,2,3,3,7.9,36385.21,128,0.3769,1142.76,good
5302.0,new car,572,0.4615,0.6994,4,0,9,6.0,79779.03,107,0.4107,2730.56,good
2748.0,education,721,0.2957,0.8395,1,0,8,9.7,36454.25,132,0.2441,741.45,good
1231.0,new car,799,0.1398,0.9893,0,0,6,6.4,23694.24,133,0.1558,307.65,good
802.0,radio/tv,675,0.4338,0.8268,0,0,3,4.4,41467.46,118,0.2391,826.18,bad
6304.0,business,788,0.2279,0.9806,0,0,5,7.9,32154.23,141,0.1578,422.86,good
1533.0,radio/tv,711,0.3644,0.7929,1,1,4,4.9,37662.64,0,0.3621,1136.6,good
8978.0,new car,606,0.326,0.8225,0,0,4,9.0,73662.76,140,0.3477,2134.22,bad
999.0,radio/tv,800,0.17,0.9766,2,0,6,5.8,40421.63,119,0.1231,414.74,good
2662.0,new car,794,0.0689,0.9627,1,0,2,8.2,42735.07,77,0.2012,716.51,good
1402.0,furniture/equipment,830,0.1325,0.9869,0,0,2,7.6,44435.73,65,0.1688,624.97,good
12169.0,new car,336,0.8019,0.4873,4,2,4,4.8,62622.78,0,0.605,3156.99,good
3060.0,radio/tv,584,0.4539,0.7445,6,0,6,9.0,29479.71,49,0.347,852.52,bad
11998.0,repairs,351,0.7704,0.4668,3,0,2,0.5,16461.82,0,0.5539,759.86,bad
2697.0,radio/tv,822,0.1223,0.9493,0,0,2,4.8,44964.52,31,0.1731,648.47,good
2404.0,radio/tv,796,0.189,0.9645,0,0,4,4.9,41011.9,30,0.1915,654.33,good
1262.0,furniture/equipment,745,0.1755,0.9868,1,0,4,6.5,25999.89,115,0.2266,491.02,good
4611.0,furniture/equipment,788,0.0883,0.906,0,0,3,7.7,39994.65,9,0.295,983.21,bad
1901.0,radio/tv,767,0.1138,0.9071,1,0,3,9.1,73516.73,36,0.1671,1023.49,good
3368.0,used car,847,0.1333,0.997,0,0,4,9.4,45780.86,124,0.1487,567.16,good
1574.0,furniture/equipment,778,0.0483,0.9348,0,0,2,5.8,60346.85,18,0.1814,912.34,good
1445.0,radio/tv,755,0.1671,0.9566,0,1,5,6.4,25041.58,69,0.1985,414.28,good
1520.0,furniture/equipment,830,0.0816,0.9489,0,0,3,8.9,54345.18,135,0.1159,524.95,good
3878.0,new car,567,0.4649,0.6911,4,2,4,2.5,35890.38,1,0.3809,1139.09,good
10722.0,new car,380,0.6942,0.4907,4,3,4,1.9,17906.78,0,0.5849,872.83,good
4788.0,used car,555,0.4434,0.7283,1,1,3,3.7,33043.42,51,0.5073,1396.81,good
7582.0,other,638,0.3196,0.796,0,3,3,7.7,56194.13,0,0.2768,1296.43,good
1092.0,radio/tv,728,0.1481,0.9066,0,1,5,8.7,55102.27,20,0.1543,708.41,good
1024.0,radio/tv,538,0.4996,0.6701,2,1,2,5.3,32629.06,7,0.3783,1028.55,bad
1076.0,business,815,0.1301,0.9876,0,0,2,7.3,30040.98,21,0.1445,361.72,good
9398.0,used car,570,0.5569,0.776,1,1,2,6.7,67650.84,0,0.3047,1717.75,bad
6419.0,used car,693,0.3317,0.7968,0,1,5,7.1,63788.08,131,0.2575,1368.89,good
4796.0,used car,767,0.2045,0.9135,0,1,4,7.4,54732.77,138,0.2424,1105.6,good
7629.0,business,624,0.3832,0.7106,0,2,5,4.4,50526.78,117,0.3827,1611.18,good
9960.0,furniture/equipment,478,0.6907,0.5803,6,1,2,2.6,31859.39,3,0.4697,1246.99,bad
4675.0,used car,801,0.1031,0.9648,0,0,2,8.4,35090.06,0,0.1564,457.47,good
1287.0,new car,805,0.1285,0.928,0,0,5,5.0,25504.43,139,0.1134,240.96,good
2515.0,furniture/equipment,799,0.1436,0.9074,0,0,5,9.2,40983.86,38,0.1291,440.78,good
2745.0,furniture/equipment,826,0.1952,0.9807,1,0,8,2.7,32549.02,58,0.1502,407.44,good
672.0,new car,794,0.1084,0.9737,0,1,4,8.9,29305.8,0,0.1196,291.98,good
3804.0,radio/tv,454,0.6027,0.6182,5,0,3,0.5,39571.25,10,0.4776,1574.89,bad
1344.0,new car,770,0.2311,0.9266,1,1,5,4.2,25059.5,56,0.2144,447.69,bad
1038.0,new car,691,0.2786,0.7695,1,1,6,5.3,42536.75,69,0.2603,922.7,good
10127.0,new car,625,0.4618,0.7416,0,3,2,3.2,36704.89,11,0.3503,1071.63,bad
1543.0,furniture/equipment,819,0.1664,0.9652,0,0,2,4.4,37461.71,43,0.0807,251.92,good
4811.0,used car,789,0.206,0.8647,1,0,2,7.8,20807.14,58,0.1938,335.98,good
727.0,radio/tv,583,0.3935,0.7694,1,0,4,5.2,23175.57,0,0.4049,782.0,bad
1237.0,furniture/equipment,656,0.2982,0.8342,1,1,4,8.2,33966.09,50,0.2573,728.18,bad
276.0,new car,494,0.4894,0.6778,4,2,2,6.2,15165.1,26,0.4496,568.12,good
5381.0,other,668,0.2883,0.7512,2,0,5,9.0,18563.3,0,0.3271,505.98,good
5511.0,furniture/equipment,667,0.3257,0.8099,2,1,3,1.3,38284.09,26,0.232,740.02,good
3749.0,furniture/equipment,632,0.416,0.8471,0,0,2,9.3,29836.23,0,0.2874,714.58,good
685.0,new car,564,0.3869,0.7508,3,0,2,6.4,20359.99,53,0.2772,470.24,bad
1494.0,new car,826,0.0938,0.9825,0,0,6,6.3,23193.26,32,0.1461,282.38,good
2746.0,furniture/equipment,350,0.7649,0.5354,5,2,2,6.6,29683.98,117,0.5496,1359.62,bad
708.0,furniture/equipment,756,0.1623,0.8661,2,1,2,5.8,22615.24,30,0.1685,317.59,good
4351.0,furniture/equipment,729,0.099,0.9367,1,0,5,9.4,25966.31,23,0.1612,348.72,good
701.0,education,754,0.1701,0.9464,0,0,4,6.2,43454.87,24,0.202,731.53,good
3643.0,furniture/equipment,633,0.3485,0.7511,3,0,6,7.5,19119.94,119,0.328,522.57,good
4249.0,new car,423,0.6332,0.6407,4,2,7,4.8,62382.3,0,0.4632,2407.73,bad
1938.0,radio/tv,454,0.652,0.5965,0,2,3,3.6,33147.26,0,0.5063,1398.48,bad
2910.0,used car,774,0.2285,0.9006,2,0,4,2.5,66313.39,64,0.1488,822.38,good
2659.0,furniture/equipment,697,0.1688,0.8414,1,1,2,2.6,23487.44,28,0.2523,493.82,good
1028.0,new car,744,0.2355,0.8417,1,1,5,8.4,43844.12,28,0.2159,788.8,good
3398.0,new car,808,0.1622,0.8912,1,0,4,6.8,23328.59,56,0.1193,232.01,good
5801.0,furniture/equipment,850,0.0186,0.9041,0,0,3,9.1,52328.71,126,0.1649,718.88,good
1525.0,new car,801,0.1856,0.9199,1,0,3,5.2,34901.65,66,0.1564,454.75,good
4473.0,radio/tv,627,0.3224,0.7394,0,1,2,3.2,44782.92,119,0.3116,1162.99,good
1068.0,radio/tv,679,0.3882,0.7663,0,1,3,9.4,38810.15,128,0.2806,907.51,good
6615.0,used car,796,0.1104,0.9332,1,0,6,6.6,91913.95,0,0.236,1807.98,good
1864.0,education,759,0.2525,0.9478,0,1,5,1.3,39375.51,18,0.2246,736.83,bad
7408.0,new car,325,0.8185,0.4857,5,3,3,2.1,49808.32,0,0.5839,2423.68,bad
11590.0,used car,614,0.3834,0.7871,0,1,4,6.8,22566.25,28,0.3685,692.91,bad
4110.0,furniture/equipment,308,0.7934,0.4795,8,2,6,4.9,27653.68,99,0.6488,1495.04,bad
3384.0,furniture/equipment,737,0.1873,0.8962,0,1,2,7.5,97823.25,32,0.1249,1017.93,bad
2101.0,radio/tv,710,0.2235,0.8905,0,0,4,9.2,17165.73,0,0.191,273.22,good
1275.0,domestic appliance,524,0.4748,0.7134,1,1,3,4.6,37942.86,20,0.3539,1119.06,bad
4169.0,furniture/equipment,536,0.5825,0.6469,0,3,3,5.8,35861.53,16,0.3929,1174.15,good
1521.0,furniture/equipment,513,0.4286,0.7163,1,3,4,1.4,20776.37,12,0.4375,757.51,good
5743.0,education,508,0.5689,0.663,1,0,6,6.9,41070.1,0,0.443,1516.1,good
3599.0,furniture/equipment,627,0.3517,0.7732,1,2,3,7.3,18895.79,61,0.3794,597.5,good
3213.0,radio/tv,720,0.3363,0.8192,0,0,2,6.7,41542.64,0,0.1988,688.16,good
4439.0,business,680,0.3545,0.8735,1,1,3,2.9,57758.5,121,0.3304,1590.45,good
3949.0,new car,760,0.1624,0.8878,1,0,5,1.7,23909.31,9,0.2792,556.21,good
1459.0,radio/tv,835,0.178,0.9235,0,0,4,2.8,27669.0,19,0.1759,405.53,good
882.0,radio/tv,723,0.1265,0.9131,1,1,7,8.7,36300.8,0,0.131,396.37,good
3758.0,radio/tv,624,0.4234,0.7355,0,1,2,6.4,12000.0,0,0.3682,368.16,good
1743.0,business,836,0.145,1.0,0,1,6,3.8,25242.8,31,0.1065,223.93,good
1136.0,education,735,0.2776,0.8831,0,0,7,5.2,35436.87,117,0.2812,830.45,bad
1236.0,domestic appliance,754,0.215,0.9074,0,0,5,8.4,44534.63,4,0.167,619.66,good
959.0,furniture/equipment,811,0.1573,0.8817,0,0,3,3.2,43901.4,31,0.1443,528.1,bad
3229.0,used car,823,0.0584,0.9483,0,0,3,9.0,48817.33,0,0.1696,689.93,good
6199.0,radio/tv,418,0.7366,0.5748,2,1,5,0.5,27725.42,12,0.5184,1197.62,bad
727.0,education,765,0.1622,0.9462,0,0,4,8.8,51590.51,120,0.2142,920.73,good
1246.0,new car,428,0.6509,0.6221,3,2,4,2.7,19126.17,0,0.434,691.69,bad
2331.0,radio/tv,844,0.0094,1.0,0,0,4,9.6,48028.38,138,0.0834,333.65,good
4463.0,radio/tv,709,0.2437,0.8664,1,0,4,3.9,52654.59,15,0.1792,786.34,bad
776.0,radio/tv,772,0.0911,0.9305,0,0,4,4.5,44742.34,24,0.2662,992.41,good
2406.0,furniture/equipment,481,0.5786,0.653,2,2,5,6.9,31126.88,32,0.4643,1204.28,bad
1239.0,education,713,0.2449,0.8367,0,2,6,5.7,41815.33,7,0.2748,957.72,good
3399.0,radio/tv,791,0.0821,0.9049,0,0,3,6.7,67744.77,119,0.1142,644.62,good
2247.0,new car,591,0.4479,0.7841,0,2,6,2.9,46102.44,9,0.3402,1307.01,good
1766.0,furniture/equipment,764,0.0902,0.9115,0,0,3,4.2,31080.41,25,0.1607,416.19,good
2473.0,furniture/equipment,637,0.4399,0.7032,2,0,3,1.5,12000.0,0,0.365,365.04,bad
1542.0,business,829,0.1245,0.9562,0,0,4,9.4,34743.81,57,0.1103,319.36,good
3850.0,used car,810,0.1284,0.9652,0,0,9,3.6,45421.9,58,0.0979,370.67,good
3650.0,furniture/equipment,504,0.5691,0.6377,2,1,4,6.7,35488.5,0,0.4353,1287.24,good
3446.0,furniture/equipment,461,0.6431,0.6677,2,2,4,2.8,27024.2,122,0.4094,922.0,bad
3001.0,furniture/equipment,670,0.2819,0.8164,2,0,3,9.0,49165.79,53,0.2827,1158.37,good
3079.0,new car,743,0.319,0.9204,0,0,3,7.5,45853.96,28,0.1404,536.55,good
6070.0,radio/tv,794,0.1099,0.9492,1,0,6,5.3,39462.83,126,0.1286,423.0,good
2146.0,furniture/equipment,801,0.1042,0.9727,0,0,7,6.8,39836.93,0,0.1836,609.53,good
13756.0,new car,684,0.2973,0.8093,0,3,4,7.5,74671.84,128,0.2264,1408.54,good
14782.0,other,323,0.8456,0.4187,3,3,4,4.9,58626.61,100,0.5681,2775.58,bad
7685.0,business,465,0.6196,0.6281,5,0,3,8.2,34185.42,57,0.4736,1349.32,bad
2320.0,radio/tv,754,0.0773,0.902,1,0,6,7.9,47826.91,0,0.2034,810.71,good
846.0,radio/tv,825,0.1074,0.9789,0,0,2,8.7,42314.99,128,0.1745,615.32,good
14318.0,new car,367,0.7977,0.4827,1,5,6,1.9,70537.7,112,0.5872,3451.75,bad
362.0,new car,803,0.124,0.8983,0,0,5,7.3,27647.46,16,0.1448,333.52,good
2212.0,furniture/equipment,812,0.1107,0.9272,0,0,3,11.2,37838.7,55,0.1993,628.56,good
12976.0,used car,511,0.5178,0.7056,0,1,5,6.9,66151.71,0,0.4899,2700.71,bad
1283.0,new car,765,0.2235,0.8986,0,0,3,7.8,36657.78,57,0.2489,760.43,good
1330.0,new car,667,0.3824,0.8223,1,3,3,1.7,31423.1,1,0.338,885.19,good
4272.0,business,766,0.233,0.8973,2,3,6,4.8,16556.66,22,0.0733,101.19,good
2238.0,radio/tv,805,0.1401,0.8733,0,0,6,0.5,31920.23,36,0.1382,367.56,good
1126.0,radio/tv,829,0.1374,0.9229,1,0,2,5.8,25980.82,0,0.2034,440.35,good
7374.0,furniture/equipment,571,0.594,0.7278,1,1,5,6.2,70818.61,0,0.3672,2166.89,good
2326.0,business,757,0.2543,0.9348,2,0,2,7.7,32562.97,17,0.2304,625.29,good
1449.0,business,747,0.1143,0.8779,0,0,8,3.2,34319.28,73,0.1686,482.12,good
1820.0,new car,761,0.1182,0.9135,1,0,8,3.2,97246.36,21,0.2383,1931.22,good
983.0,furniture/equipment,761,0.1488,0.9175,2,1,3,12.3,20063.78,5,0.1573,262.97,good
3249.0,new car,446,0.7032,0.6531,4,2,2,7.4,69470.09,42,0.4858,2812.35,good
1957.0,radio/tv,792,0.1817,0.8755,0,0,4,7.8,29583.27,65,0.1042,256.76,good
2406.0,furniture/equipment,811,0.0304,1.0,0,0,3,7.0,66435.23,0,0.1207,668.34,good
11760.0,education,477,0.5795,0.6202,1,3,8,6.7,33645.49,47,0.5651,1584.36,good
2578.0,furniture/equipment,584,0.4324,0.6727,2,4,4,6.3,74464.49,1,0.4263,2645.54,good
2348.0,furniture/equipment,669,0.4095,0.7885,0,1,4,4.6,36179.28,27,0.2948,888.72,good
1223.0,new car,587,0.4761,0.7481,0,1,5,0.5,50328.65,124,0.3985,1671.15,bad
1516.0,radio/tv,821,0.1555,0.9711,1,0,5,2.0,25533.67,28,0.1152,245.21,good
1473.0,radio/tv,781,0.1327,0.9903,0,0,4,10.7,49060.43,6,0.1729,706.74,good
1887.0,business,695,0.3287,0.8421,2,0,6,7.2,33241.79,27,0.2352,651.54,good
8648.0,business,705,0.3021,0.7807,0,0,6,2.8,31257.01,1,0.3276,853.29,bad
802.0,new car,726,0.1712,0.8919,2,2,6,2.4,20741.59,31,0.2608,450.82,good
2899.0,new car,694,0.3932,0.8393,2,0,2,9.0,35138.3,123,0.2671,782.25,good
2039.0,radio/tv,686,0.2636,0.8114,0,1,2,1.8,27952.22,8,0.2984,695.03,bad
2197.0,used car,816,0.0835,0.9573,0,0,6,8.7,54384.62,60,0.098,444.32,good
1053.0,radio/tv,682,0.2674,0.8956,0,2,3,1.5,45535.19,6,0.2419,917.96,good
3235.0,radio/tv,789,0.1254,0.9074,1,0,4,5.1,69561.06,125,0.2101,1217.69,good
939.0,new car,782,0.1229,0.9221,0,1,7,3.4,39540.28,74,0.1705,561.9,bad
1967.0,radio/tv,598,0.4125,0.7845,1,2,5,8.1,35800.42,115,0.4046,1207.12,good
7253.0,used car,812,0.0678,0.9301,0,0,4,2.8,81149.92,69,0.0482,325.63,good
2292.0,business,796,0.1224,0.8833,0,0,7,4.9,87786.91,0,0.171,1250.63,bad
1597.0,new car,802,0.1808,0.884,0,0,2,3.2,27262.0,27,0.1673,379.98,good
1381.0,new car,518,0.4997,0.6261,3,1,4,4.7,41687.24,19,0.4535,1575.58,bad
5842.0,used car,792,0.1477,0.948,0,0,6,3.6,34808.02,144,0.176,510.61,good
2579.0,new car,525,0.562,0.5823,2,4,2,1.6,17916.36,0,0.4958,740.29,bad
8471.0,education,510,0.5564,0.6966,2,0,5,3.6,29621.2,8,0.4004,988.33,good
2782.0,new car,760,0.2148,0.9289,0,0,5,6.0,90173.98,68,0.206,1547.84,good
1042.0,new car,598,0.4248,0.6977,3,0,5,2.9,36018.7,20,0.361,1083.44,bad
3186.0,new car,797,0.1871,0.9348,0,0,2,6.8,12000.0,69,0.2723,272.28,good
2028.0,used car,829,0.0107,0.9779,1,0,3,4.6,44410.65,25,0.0878,325.02,good
958.0,new car,739,0.2268,0.9704,0,1,8,7.0,26121.85,62,0.2098,456.61,good
1591.0,furniture/equipment,774,0.1269,0.9538,1,0,6,6.8,76108.38,60,0.1332,844.61,good
2762.0,furniture/equipment,753,0.2202,0.8961,1,1,4,3.2,49389.87,125,0.1932,795.33,bad
2779.0,used car,718,0.3054,0.8257,0,0,3,5.6,33970.84,37,0.1826,516.8,good
2743.0,radio/tv,795,0.1422,0.931,0,1,5,4.1,33824.18,131,0.2645,745.42,good
1149.0,radio/tv,850,0.0528,0.9763,0,0,7,6.5,45252.55,38,0.146,550.4,good
1313.0,furniture/equipment,823,0.1186,0.978,0,0,5,7.1,23714.4,131,0.152,300.42,good
1190.0,repairs,620,0.3398,0.7274,0,0,8,8.8,23997.94,0,0.3642,728.37,bad
3448.0,business,842,0.0156,0.9181,0,0,2,9.1,43183.98,75,0.1621,583.19,good
11328.0,other,458,0.5904,0.5972,3,0,5,4.8,54163.26,28,0.4869,2197.64,bad
1872.0,furniture/equipment,659,0.3643,0.8408,0,1,7,8.0,87030.34,0,0.3013,2185.1,good
2058.0,repairs,732,0.2001,0.8441,0,1,5,5.5,47615.87,26,0.1588,630.28,good
2136.0,furniture/equipment,656,0.3492,0.7786,0,0,3,4.0,32452.56,11,0.3366,910.29,good
1484.0,radio/tv,808,0.1266,0.9256,0,0,2,0.7,50716.97,32,0.2097,886.49,bad
660.0,repairs,819,0.1056,0.9713,0,0,3,8.2,14368.2,66,0.1871,224.06,good
1287.0,new car,804,0.1728,0.9646,0,0,5,8.9,45255.54,124,0.075,282.96,good
3394.0,repairs,530,0.4783,0.7074,2,2,6,8.9,27414.92,0,0.3412,779.49,good
609.0,business,659,0.294,0.8023,3,3,3,0.6,12604.03,0,0.3601,378.2,bad
1884.0,new car,726,0.2181,0.9407,2,0,3,9.7,71800.15,123,0.1876,1122.33,good
1620.0,furniture/equipment,590,0.4549,0.7437,0,3,2,6.2,33298.32,25,0.4366,1211.38,good
2629.0,other,727,0.2911,0.8714,1,0,5,5.9,35679.12,22,0.3442,1023.31,good
719.0,education,668,0.3311,0.802,1,1,2,8.6,23501.34,129,0.3596,704.21,bad
5096.0,furniture/equipment,642,0.3938,0.7839,0,1,4,4.4,66852.61,28,0.3226,1797.03,bad
1244.0,education,792,0.1301,0.9376,0,0,5,7.1,28106.18,131,0.1851,433.59,good
1842.0,new car,401,0.757,0.4928,3,0,2,10.2,17448.17,0,0.4891,711.1,bad
2576.0,radio/tv,764,0.1426,0.9352,0,0,7,6.5,50662.97,22,0.1757,741.65,good
1424.0,furniture/equipment,811,0.1397,0.9998,0,0,2,10.2,86751.59,128,0.1509,1090.66,good
1512.0,repairs,689,0.2419,0.8008,0,0,4,6.7,35119.75,29,0.2349,687.59,bad
11054.0,used car,811,0.091,0.9608,0,1,2,3.1,59581.92,31,0.1253,622.31,good
518.0,radio/tv,825,0.1587,0.8921,1,1,4,1.7,42949.55,15,0.1745,624.58,good
2759.0,furniture/equipment,774,0.1499,0.9036,1,0,7,8.2,45384.87,118,0.2284,863.76,good
2670.0,used car,819,0.1669,0.9303,1,0,3,8.3,71054.27,128,0.1539,911.38,good
4817.0,new car,573,0.5833,0.73,2,1,2,4.5,40343.92,53,0.3604,1211.76,bad
2679.0,used car,727,0.3196,0.8478,1,0,2,1.0,60511.86,0,0.2003,1009.9,good
3905.0,new car,602,0.4589,0.6987,3,0,6,1.9,30751.11,8,0.3544,908.06,good
3386.0,used car,742,0.1128,0.8707,1,0,4,8.6,34078.02,119,0.2433,690.79,bad
343.0,domestic appliance,530,0.5732,0.7245,2,0,3,1.9,39645.56,0,0.4279,1413.68,good
4594.0,radio/tv,798,0.1328,0.9096,0,0,5,5.6,36636.95,1,0.1789,546.08,good
3620.0,furniture/equipment,685,0.317,0.8111,1,1,2,6.0,47158.97,31,0.2737,1075.58,good
1721.0,new car,593,0.4635,0.6997,2,1,3,3.5,42709.1,0,0.3453,1229.0,good
3017.0,furniture/equipment,553,0.5308,0.7158,3,3,3,0.5,57310.05,0,0.2968,1417.33,good
754.0,retraining,779,0.0781,0.9871,0,2,6,10.4,47155.63,135,0.2463,967.85,good
1950.0,business,714,0.2488,0.972,0,0,6,0.9,41932.35,42,0.1878,656.15,good
2924.0,used car,690,0.1662,0.8794,0,3,3,7.9,57218.98,14,0.2474,1179.87,good
1659.0,radio/tv,497,0.6054,0.6438,2,3,4,0.6,21606.85,0,0.4338,781.12,bad
7238.0,radio/tv,700,0.3686,0.8045,1,0,6,6.8,34243.42,137,0.2518,718.66,good
2764.0,business,733,0.2238,0.9047,0,0,5,3.7,37845.2,33,0.2188,690.15,good
4679.0,used car,819,0.0947,0.957,0,0,5,7.9,23635.1,61,0.2106,414.77,good
3092.0,radio/tv,611,0.3982,0.7696,1,0,5,3.3,38006.7,0,0.4301,1362.32,bad
448.0,education,440,0.6224,0.5582,2,0,2,7.2,35843.17,0,0.4677,1397.0,bad
654.0,new car,524,0.5524,0.6128,3,4,3,5.3,12685.47,26,0.4412,466.45,bad
1238.0,retraining,807,0.0722,0.9408,0,0,5,8.9,91202.11,0,0.1364,1036.66,good
1245.0,radio/tv,736,0.2186,0.8405,1,3,5,3.8,43127.97,38,0.2237,803.98,bad
3114.0,furniture/equipment,495,0.5817,0.5875,5,4,3,6.4,19099.16,0,0.494,786.32,bad
2569.0,used car,748,0.2207,0.8856,2,1,5,9.3,38224.84,31,0.1887,601.18,good
5152.0,radio/tv,618,0.4511,0.7609,2,0,2,4.6,46242.56,55,0.4045,1558.69,good
1037.0,business,790,0.2371,0.9205,1,0,2,11.1,23425.39,65,0.1482,289.34,good
1478.0,furniture/equipment,692,0.3056,0.7952,1,1,6,10.6,53442.97,114,0.2573,1145.8,good
3573.0,radio/tv,760,0.1089,0.9099,0,1,3,0.5,14855.56,33,0.2049,253.61,good
1201.0,new car,503,0.523,0.6286,5,6,3,2.5,30389.27,0,0.4338,1098.52,good
3622.0,furniture/equipment,607,0.4282,0.7451,4,0,5,7.7,45079.27,134,0.2542,954.82,good
960.0,furniture/equipment,829,0.1591,0.9902,0,0,4,4.5,49358.27,65,0.145,596.44,good
1163.0,new car,818,0.1111,1.0,0,0,3,8.3,49110.48,29,0.2105,861.62,good
1209.0,new car,652,0.3104,0.8167,1,2,5,11.0,93348.78,0,0.2964,2305.97,bad
3077.0,radio/tv,821,0.026,0.9272,0,0,2,8.0,48634.85,27,0.1492,604.66,good
3757.0,new car,591,0.4489,0.8008,2,3,4,5.2,48372.25,129,0.3372,1359.38,good
1418.0,new car,822,0.1898,0.9919,0,0,3,3.6,23996.08,24,0.2349,469.63,good
3518.0,new car,786,0.1884,0.8991,1,1,5,7.2,45540.37,32,0.1543,585.42,good
1934.0,radio/tv,813,0.1433,0.977,0,0,6,6.1,30445.6,142,0.1946,493.7,good
8318.0,business,416,0.6361,0.5797,2,3,8,6.3,61806.67,110,0.4676,2408.28,bad
1237.0,radio/tv,825,0.0801,0.9573,0,0,7,2.8,47753.6,21,0.1608,639.73,good
368.0,radio/tv,776,0.2233,0.9033,0,0,2,8.4,47405.64,115,0.1258,497.02,good
2122.0,new car,683,0.235,0.7996,0,0,7,3.0,24017.81,28,0.2615,523.37,good
2996.0,furniture/equipment,704,0.2918,0.8498,1,2,4,8.2,38081.74,12,0.3181,1009.38,bad
9034.0,furniture/equipment,377,0.7054,0.5471,4,0,4,0.5,53544.32,0,0.5692,2540.01,bad
1585.0,furniture/equipment,838,0.1164,0.9298,0,0,4,5.7,47361.86,62,0.1646,649.82,good
1301.0,radio/tv,728,0.217,0.8819,1,1,3,3.2,17949.46,123,0.167,249.74,good
1323.0,new car,746,0.1653,0.891,0,2,5,9.9,36205.49,126,0.1804,544.31,good
3123.0,new car,389,0.8768,0.5752,4,0,8,0.5,27539.22,0,0.5114,1173.53,bad
5493.0,used car,617,0.3382,0.7677,2,1,3,9.7,39096.68,125,0.4206,1370.39,good
1126.0,radio/tv,764,0.0983,0.9151,0,0,5,6.9,58441.69,122,0.1949,949.27,good
1216.0,radio/tv,571,0.504,0.7058,0,0,6,6.2,30924.24,0,0.3643,938.86,bad
1207.0,new car,355,0.8548,0.4981,1,1,2,7.5,25410.69,0,0.5241,1109.76,bad
1309.0,new car,778,0.1016,0.9508,0,0,6,7.0,25294.54,23,0.1829,385.63,bad
2360.0,used car,850,0.0776,0.981,0,0,4,3.4,47941.31,29,0.1499,598.84,good
6850.0,new car,554,0.5891,0.6534,5,1,3,1.1,71250.11,4,0.3922,2328.75,bad
1413.0,radio/tv,720,0.3059,0.8269,2,1,4,3.3,31081.34,11,0.2275,589.29,good
8588.0,used car,771,0.1968,0.9066,0,0,4,6.4,77205.42,133,0.1166,749.91,good
759.0,new car,589,0.4454,0.7506,0,1,6,3.6,31739.6,57,0.3959,1047.23,bad
4686.0,used car,773,0.1166,0.9376,0,0,7,5.6,53471.17,8,0.1737,773.78,good
2687.0,business,762,0.189,0.905,0,1,2,8.8,35311.67,74,0.1327,390.55,good
585.0,radio/tv,532,0.5536,0.6562,1,0,7,8.6,41869.42,17,0.4911,1713.39,good
2255.0,new car,741,0.1337,0.9088,0,0,2,1.8,41529.17,15,0.1748,604.85,good
609.0,new car,756,0.1727,0.9106,0,0,7,5.9,41700.27,53,0.1923,668.27,good
1361.0,new car,808,0.147,0.9194,0,1,4,8.7,24939.57,0,0.131,272.3,good
7127.0,furniture/equipment,676,0.2937,0.7887,1,1,5,6.5,28417.84,0,0.3196,756.78,bad
1203.0,new car,664,0.3241,0.8062,2,2,3,4.4,56612.96,112,0.3261,1538.49,good
700.0,radio/tv,809,0.0823,0.9545,0,0,5,10.0,43861.47,124,0.1236,451.62,good
5507.0,repairs,718,0.2251,0.8646,1,0,7,7.6,43910.28,127,0.2035,744.53,good
3190.0,radio/tv,587,0.4349,0.7315,0,2,4,5.4,39401.02,26,0.2707,888.9,bad
7119.0,furniture/equipment,341,0.8173,0.4843,2,2,6,4.7,53325.83,18,0.6039,2683.64,bad
3488.0,used car,813,0.1091,0.915,0,1,6,8.1,30702.24,56,0.2069,529.36,good
1113.0,radio/tv,691,0.2704,0.8485,1,1,4,7.6,14802.12,24,0.2292,282.74,good
7966.0,used car,649,0.3293,0.7572,1,1,4,5.1,35652.03,0,0.2577,765.56,good
1532.0,education,749,0.199,0.8916,0,0,4,6.3,48006.14,22,0.1805,722.22,good
1503.0,radio/tv,847,0.1552,1.0,0,0,4,1.9,32242.54,66,0.129,346.59,good
2302.0,radio/tv,376,0.759,0.496,2,1,2,8.8,27756.12,12,0.5493,1270.47,bad
662.0,new car,637,0.4354,0.7782,0,1,2,8.7,17500.64,18,0.3591,523.67,good
2273.0,education,506,0.5927,0.6648,3,4,7,1.9,19997.88,57,0.4958,826.32,good
2631.0,new car,521,0.5871,0.6836,0,3,5,8.1,32743.79,8,0.39,1064.07,bad
1503.0,used car,765,0.1546,0.9237,0,0,4,10.1,36958.04,33,0.1932,594.94,good
1311.0,radio/tv,818,0.1604,0.935,1,0,3,7.8,40479.28,52,0.1534,517.6,good
3105.0,radio/tv,774,0.1525,0.8834,0,1,7,3.6,33287.04,0,0.19,527.1,good
2319.0,education,604,0.3917,0.7636,1,1,2,4.9,39949.9,0,0.3416,1137.22,bad
1374.0,new car,703,0.2887,0.8565,2,1,3,7.2,90094.04,8,0.2343,1759.41,good
3612.0,furniture/equipment,738,0.2563,0.871,1,1,4,9.0,42738.74,116,0.245,872.59,good
7763.0,new car,349,0.8146,0.4608,4,2,5,6.7,49904.3,115,0.6311,2624.63,bad
3049.0,furniture/equipment,659,0.2587,0.8044,0,2,3,0.5,28512.53,6,0.2568,610.23,good
1534.0,radio/tv,698,0.2776,0.8283,0,0,4,1.0,27979.57,1,0.2954,688.71,bad
2032.0,new car,714,0.1691,0.8206,1,0,7,8.9,49774.07,121,0.1969,816.7,good
6350.0,furniture/equipment,592,0.3903,0.7507,1,1,5,7.5,47415.76,119,0.315,1244.71,bad
2864.0,furniture/equipment,769,0.0953,0.9016,1,1,6,1.6,22663.07,24,0.1733,327.29,bad
1255.0,new car,834,0.0831,0.9838,1,0,4,9.3,35259.0,126,0.1291,379.46,good
1333.0,new car,495,0.6176,0.644,5,3,6,0.6,41268.91,0,0.5446,1873.05,bad
2022.0,new car,770,0.312,0.9131,0,0,4,8.0,40625.28,26,0.1942,657.4,good
1552.0,radio/tv,767,0.1573,0.8898,0,0,2,2.2,29436.2,57,0.1988,487.65,good
626.0,radio/tv,419,0.6739,0.6212,1,2,4,5.2,18723.42,19,0.4934,769.9,bad
8858.0,used car,850,0.0769,0.9868,0,0,7,1.9,52058.84,79,0.1889,819.55,good
996.0,repairs,799,0.0475,0.9291,0,0,5,6.5,46773.58,62,0.1205,469.86,good
1750.0,radio/tv,789,0.1624,0.9609,1,0,6,7.8,25815.38,126,0.2051,441.19,good
6999.0,radio/tv,726,0.2548,0.847,0,0,6,0.5,34463.5,58,0.2537,728.59,bad
1995.0,new car,662,0.2451,0.764,0,1,7,0.5,35957.9,0,0.2372,710.82,good
1199.0,education,658,0.2694,0.8151,0,1,6,8.1,102149.27,46,0.2665,2268.73,good
1331.0,radio/tv,641,0.2434,0.7944,3,1,6,0.9,26097.84,0,0.4095,890.69,bad
2278.0,new car,419,0.6869,0.5759,5,4,4,4.5,25544.05,0,0.5521,1175.2,bad
5003.0,new car,644,0.2787,0.8209,3,0,4,5.0,29960.06,28,0.2779,693.81,bad
3552.0,furniture/equipment,448,0.6682,0.6363,3,1,4,7.4,28821.14,57,0.4608,1106.68,bad
1928.0,furniture/equipment,764,0.2115,0.9083,0,0,7,1.1,19421.03,10,0.2291,370.7,bad
2964.0,used car,690,0.2699,0.7455,2,1,8,8.3,42515.6,111,0.2687,952.14,good
1546.0,radio/tv,558,0.5055,0.6689,1,1,4,5.7,16471.05,54,0.3276,449.6,bad
683.0,radio/tv,728,0.2581,0.8754,0,0,4,2.1,34862.64,12,0.243,706.02,good
12389.0,new car,540,0.5808,0.7126,2,1,4,5.7,35943.27,10,0.422,1264.1,bad
4712.0,business,634,0.2924,0.7685,0,1,6,4.2,72740.95,27,0.2978,1805.36,good
1553.0,radio/tv,695,0.385,0.8163,2,2,8,4.2,18624.0,64,0.2836,440.17,good
1372.0,new car,575,0.4322,0.7308,1,3,2,3.1,44785.9,51,0.3869,1443.94,bad
2578.0,radio/tv,847,0.1883,0.9379,0,0,4,2.8,43338.83,123,0.0876,316.48,good
3979.0,radio/tv,683,0.2177,0.842,2,0,6,1.4,41994.94,56,0.3026,1059.12,good
6758.0,radio/tv,446,0.642,0.524,3,1,2,2.6,26209.42,12,0.5087,1111.03,bad
3234.0,furniture/equipment,453,0.6263,0.5883,4,2,3,6.3,16631.76,0,0.4385,607.81,bad
5954.0,radio/tv,785,0.0249,0.979,0,0,4,4.2,43774.84,69,0.176,642.09,good
5433.0,used car,793,0.1323,0.9328,0,0,5,9.9,73118.32,0,0.1105,673.24,good
806.0,business,522,0.6221,0.656,1,0,4,6.8,12109.24,12,0.536,540.9,good
1082.0,radio/tv,649,0.3243,0.8239,0,1,8,7.3,14634.84,130,0.2806,342.2,good
2788.0,furniture/equipment,790,0.2328,0.8972,1,0,5,5.9,38449.58,60,0.2225,712.82,good
2930.0,radio/tv,777,0.1749,0.8667,0,1,4,3.2,45287.0,61,0.1699,641.03,good
1927.0,education,769,0.1682,0.9433,3,0,7,3.0,35972.95,40,0.1095,328.32,good
2820.0,new car,387,0.6972,0.5417,3,2,4,7.2,21255.21,0,0.5884,1042.13,bad
937.0,retraining,725,0.2228,0.8204,1,0,8,5.4,20999.92,13,0.2261,395.68,good
1056.0,new car,716,0.2683,0.8157,0,1,4,7.2,38185.9,118,0.2632,837.46,bad
3124.0,new car,717,0.3448,0.808,1,5,9,7.1,23269.51,0,0.247,478.88,good
1388.0,furniture/equipment,700,0.281,0.835,0,0,3,4.8,29281.1,28,0.2966,723.67,good
2384.0,repairs,389,0.6804,0.5493,7,0,3,1.7,13466.5,0,0.58,650.86,bad
2133.0,new car,788,0.1517,0.9504,0,0,5,6.9,98317.25,131,0.1765,1446.14,good
2039.0,furniture/equipment,494,0.5575,0.5736,1,1,4,7.7,36896.03,32,0.4553,1399.77,bad
2799.0,new car,572,0.4226,0.7281,5,1,6,4.2,37887.57,28,0.3341,1054.85,good
1289.0,furniture/equipment,690,0.2883,0.8197,2,0,4,1.5,21410.7,15,0.2625,468.35,good
1217.0,domestic appliance,584,0.3337,0.7165,1,2,3,3.8,28319.38,19,0.3173,748.86,bad
2246.0,furniture/equipment,785,0.2706,0.9115,1,1,4,4.7,35512.08,133,0.1928,570.57,bad
385.0,radio/tv,744,0.1539,0.8407,1,0,10,7.5,29221.81,49,0.202,491.98,good
1965.0,new car,549,0.4452,0.7025,2,1,6,6.6,41544.0,23,0.334,1156.4,good
1572.0,business,795,0.2029,0.937,0,1,3,8.0,27792.24,118,0.1753,405.99,good
2718.0,new car,458,0.6519,0.5827,1,6,3,6.4,14368.19,6,0.5259,629.68,bad
1358.0,other,700,0.311,0.8258,1,0,5,4.4,76161.27,125,0.2911,1847.27,bad
931.0,new car,502,0.5334,0.6701,2,2,4,0.5,25134.24,0,0.4486,939.52,bad
1442.0,new car,397,0.7867,0.5467,2,3,5,4.3,28284.6,37,0.5733,1351.27,bad
4241.0,business,614,0.435,0.793,1,2,8,8.8,24556.13,23,0.3708,758.74,bad
2775.0,new car,780,0.1962,0.9279,1,0,7,3.5,41564.74,69,0.2023,700.79,bad
3863.0,business,743,0.0138,0.9369,0,1,2,5.2,42710.65,32,0.1532,545.14,good
2329.0,radio/tv,788,0.2073,0.9169,0,0,3,2.2,40812.22,14,0.1687,573.9,good
918.0,furniture/equipment,608,0.4469,0.7234,2,1,3,3.5,30176.98,19,0.3708,932.36,bad
1837.0,education,390,0.7256,0.5854,4,1,4,11.1,19314.75,46,0.6137,987.82,bad
3349.0,furniture/equipment,653,0.2821,0.8162,0,0,4,5.1,68815.84,9,0.2518,1444.27,bad
1275.0,furniture/equipment,647,0.3342,0.7041,2,0,2,2.7,37186.87,0,0.3641,1128.37,good
2828.0,furniture/equipment,463,0.6247,0.6448,0,3,4,6.0,28314.4,5,0.493,1163.29,good
4526.0,business,805,0.0499,0.9841,0,0,3,5.6,100419.45,37,0.1611,1348.53,good
2671.0,radio/tv,461,0.5721,0.6321,0,0,5,7.3,34315.67,13,0.4619,1320.74,bad
2051.0,radio/tv,738,0.1461,0.9089,0,0,4,1.8,34313.27,0,0.1866,533.56,good
1300.0,used car,799,0.1099,0.9267,0,0,5,10.8,48614.43,118,0.1243,503.46,good
741.0,domestic appliance,534,0.4678,0.6679,3,2,2,6.2,26583.1,0,0.4502,997.23,bad
1240.0,new car,684,0.2833,0.8544,3,0,6,7.9,29373.33,118,0.2058,503.71,bad
3357.0,radio/tv,517,0.4489,0.6556,0,2,4,2.3,37440.38,0,0.4278,1334.7,good
3632.0,used car,698,0.2582,0.8677,2,0,4,8.4,28010.64,17,0.2501,583.71,good
1808.0,furniture/equipment,792,0.1384,0.9303,1,2,2,1.1,36297.51,59,0.2332,705.33,bad
12204.0,business,507,0.6217,0.6319,6,2,4,3.1,73066.89,37,0.4646,2829.14,good
9157.0,radio/tv,582,0.4156,0.7059,0,0,7,4.0,51879.54,25,0.4301,1859.5,good
3676.0,new car,600,0.4825,0.7514,1,2,6,4.8,36073.01,29,0.3616,1087.08,good
3441.0,furniture/equipment,484,0.5013,0.6518,4,4,3,4.0,42072.11,19,0.4803,1684.02,bad
640.0,new car,714,0.3131,0.7873,2,1,2,4.7,23759.65,42,0.2513,497.58,good
3652.0,business,807,0.1862,0.9423,0,0,6,6.1,31051.56,58,0.2613,676.02,good
1530.0,new car,684,0.2649,0.8146,3,1,6,1.1,50994.82,42,0.2751,1168.86,bad
3914.0,business,633,0.4211,0.7666,5,2,3,3.1,45529.14,7,0.2915,1106.14,bad
1858.0,furniture/equipment,434,0.5475,0.6489,2,2,4,0.5,23744.09,0,0.5099,1008.87,good
2600.0,radio/tv,546,0.4319,0.7034,3,0,5,8.1,50048.33,24,0.4043,1686.41,bad
1979.0,radio/tv,817,0.1112,0.9858,0,0,2,3.2,47474.86,129,0.0779,308.31,good
2116.0,furniture/equipment,821,0.1545,0.9741,0,1,5,4.3,56277.99,38,0.1495,701.22,good
1437.0,new car,634,0.3678,0.7551,2,0,3,4.3,44571.34,69,0.3324,1234.67,bad
4042.0,furniture/equipment,798,0.2167,0.957,0,0,4,9.8,39960.57,20,0.1944,647.2,good
3832.0,education,837,0.1354,0.9774,1,0,4,8.4,37783.98,136,0.1214,382.23,good
3660.0,radio/tv,535,0.5203,0.697,4,3,2,7.0,34228.55,19,0.3567,1017.46,good
1553.0,furniture/equipment,467,0.6382,0.6305,0,2,3,5.3,34632.07,11,0.5112,1475.41,bad
1444.0,radio/tv,747,0.2806,0.9144,0,0,2,0.5,29155.15,2,0.3106,754.57,good
1980.0,furniture/equipment,666,0.3035,0.8143,0,0,5,4.6,21212.03,0,0.2258,399.2,bad
1355.0,new car,499,0.539,0.6581,1,1,3,9.9,14680.28,0,0.4579,560.2,bad
1393.0,education,639,0.3941,0.7794,0,1,8,8.7,37730.29,121,0.3586,1127.35,good
1376.0,radio/tv,806,0.1301,0.9058,1,0,3,1.6,45772.79,75,0.2306,879.48,good
15653.0,radio/tv,602,0.3827,0.7949,3,0,4,6.6,33500.42,57,0.3185,889.12,good
1493.0,radio/tv,698,0.2772,0.8281,1,1,4,8.0,29018.09,3,0.2113,510.87,good
4370.0,radio/tv,472,0.6378,0.6353,3,2,5,2.3,31420.35,55,0.4135,1082.77,bad
750.0,education,487,0.6294,0.6428,9,3,8,1.3,12000.0,0,0.4579,457.92,bad
1308.0,repairs,575,0.5116,0.7259,2,1,4,7.7,23902.82,123,0.3212,639.78,good
4623.0,education,752,0.1549,0.9604,1,0,2,4.7,73106.69,25,0.2268,1381.74,bad
1851.0,radio/tv,824,0.0376,0.9676,0,0,6,5.1,40523.93,68,0.1921,648.86,good
1880.0,radio/tv,728,0.1146,0.8848,1,0,6,0.5,90815.74,70,0.2575,1948.45,good
7980.0,business,695,0.2665,0.755,2,2,5,6.5,33531.62,0,0.2515,702.87,bad
4583.0,furniture/equipment,526,0.5374,0.6511,3,2,5,2.7,41822.38,11,0.4021,1401.42,good
1386.0,new car,741,0.1834,0.9096,2,1,3,3.2,47006.13,37,0.1989,779.11,bad
947.0,new car,534,0.5367,0.748,2,2,4,6.1,38933.62,52,0.3608,1170.45,bad
684.0,education,449,0.7053,0.625,2,3,4,6.7,13470.52,0,0.464,520.82,bad
7476.0,education,414,0.7306,0.5414,2,5,3,0.5,66811.09,44,0.6164,3432.06,good
1922.0,furniture/equipment,655,0.333,0.8279,3,1,4,3.6,13325.01,20,0.2832,314.49,bad
2303.0,new car,482,0.5351,0.6709,3,0,2,1.9,46016.61,126,0.5453,2091.25,bad
8086.0,new car,510,0.6043,0.6706,5,4,10,6.9,51636.36,116,0.4384,1886.64,bad
2346.0,used car,798,0.0823,0.9815,0,0,6,4.4,48018.78,52,0.161,644.26,good
3973.0,new car,506,0.4946,0.6981,0,1,4,5.8,26494.51,0,0.3983,879.37,good
888.0,new car,512,0.4629,0.6287,0,5,3,8.0,20123.55,107,0.5108,856.59,bad
10222.0,radio/tv,766,0.1717,0.8661,1,1,2,5.4,51174.8,73,0.2408,1027.11,good
4221.0,business,410,0.588,0.5916,3,2,4,2.0,34023.38,28,0.5268,1493.56,good
6361.0,furniture/equipment,733,0.1982,0.9316,1,1,3,2.7,51887.42,127,0.1992,861.16,good
1297.0,radio/tv,671,0.2242,0.7861,2,1,6,8.6,41929.95,22,0.3525,1231.85,good
900.0,new car,584,0.4072,0.711,3,2,3,2.1,37782.52,7,0.4041,1272.2,bad
2241.0,furniture/equipment,752,0.2287,0.9624,0,0,4,2.6,32350.76,129,0.1729,465.99,good
1050.0,furniture/equipment,669,0.4438,0.764,0,0,5,2.7,81739.48,0,0.3735,2544.35,good
1047.0,education,785,0.0786,0.8598,0,0,3,8.9,28745.75,15,0.2104,504.06,good
6314.0,other,707,0.3079,0.8031,1,0,10,1.1,61534.35,0,0.327,1676.79,good
3496.0,furniture/equipment,578,0.478,0.7252,1,1,4,2.4,45606.95,19,0.2948,1120.52,good
3609.0,business,599,0.5216,0.6778,1,0,2,0.5,41483.91,41,0.3085,1066.49,good
4843.0,new car,544,0.4321,0.604,2,5,7,7.7,46435.42,110,0.3946,1526.76,bad
3017.0,radio/tv,769,0.2298,0.9126,0,0,3,9.8,51495.19,143,0.1704,731.2,good
4139.0,business,775,0.1022,0.9156,1,0,6,7.4,31653.46,32,0.2095,552.52,good
5742.0,business,778,0.0996,0.9245,0,1,5,4.0,45202.88,71,0.1139,429.16,good
10366.0,new car,591,0.4377,0.7428,4,0,3,8.6,62716.03,117,0.4059,2121.38,good
2080.0,new car,793,0.0822,0.9402,0,0,3,3.8,41100.01,24,0.1241,425.17,good
2580.0,business,735,0.1523,0.8416,0,0,5,5.2,23648.15,2,0.143,281.9,bad
4530.0,radio/tv,803,0.1814,0.8929,0,1,3,8.3,79583.27,70,0.2026,1343.45,good
5150.0,furniture/equipment,805,0.0992,0.9648,0,0,2,8.5,36869.44,133,0.1511,464.19,good
5595.0,radio/tv,410,0.5863,0.6106,1,0,3,2.4,24221.96,10,0.4776,964.05,bad
2384.0,radio/tv,544,0.5014,0.6717,3,3,2,6.6,28244.53,119,0.3821,899.46,good
1453.0,radio/tv,764,0.1415,0.8951,2,1,5,3.2,36428.81,16,0.2033,617.28,good
1538.0,education,758,0.2663,0.8797,1,0,4,4.2,49628.95,12,0.174,719.69,good
2279.0,radio/tv,806,0.0952,0.9039,0,0,6,9.7,40675.77,13,0.1864,631.67,good
1478.0,radio/tv,688,0.2437,0.8013,0,0,6,4.7,41535.99,17,0.2432,841.72,good
5103.0,radio/tv,744,0.1928,0.8786,1,0,7,5.3,51904.81,12,0.2795,1209.05,good
9857.0,business,647,0.3789,0.7761,2,1,4,5.4,17600.26,49,0.3649,535.22,good
6527.0,new car,545,0.499,0.6942,1,2,5,6.4,40165.17,3,0.3472,1162.01,good
1347.0,radio/tv,842,0.0871,0.9525,0,1,4,3.7,44422.96,71,0.132,488.54,good
2862.0,new car,471,0.6199,0.6347,4,5,3,4.5,27514.69,120,0.413,946.89,good
2753.0,radio/tv,802,0.0764,0.9439,0,0,2,7.0,46502.8,116,0.1948,755.03,good
3651.0,new car,732,0.2215,0.8458,1,1,3,4.5,41051.13,24,0.2592,886.86,good
975.0,furniture/equipment,664,0.3547,0.8045,1,0,6,5.4,32249.11,11,0.2759,741.58,good
2631.0,repairs,609,0.3999,0.7212,3,2,3,2.5,23966.35,33,0.3161,631.33,good
2896.0,radio/tv,721,0.2776,0.7937,2,0,3,1.6,32574.54,0,0.2647,718.63,good
4716.0,new car,770,0.1767,0.9111,1,0,4,6.2,25648.98,0,0.1491,318.68,good
2284.0,radio/tv,831,0.1446,0.9291,0,0,4,3.6,37908.16,60,0.176,555.94,good
1236.0,used car,850,0.0173,0.9061,0,0,5,8.4,50821.92,37,0.1054,446.29,good
1103.0,radio/tv,830,0.2042,0.9575,0,0,6,6.6,46792.34,71,0.1102,429.65,good
926.0,new car,815,0.1196,0.962,0,1,5,3.1,16289.13,0,0.1218,165.35,good
1800.0,radio/tv,775,0.1805,0.9174,1,1,5,2.9,40960.34,23,0.202,689.37,good
1905.0,education,609,0.3565,0.7531,0,2,3,7.3,69575.78,129,0.3984,2310.0,good
1123.0,furniture/equipment,715,0.2244,0.8577,0,0,4,7.1,22501.47,19,0.3003,563.07,bad
6331.0,used car,599,0.4093,0.7908,2,5,7,10.1,50424.3,133,0.3233,1358.39,bad
1377.0,radio/tv,724,0.2466,0.8714,1,0,2,5.8,36385.35,141,0.2296,696.27,good
2503.0,business,560,0.3917,0.6864,0,1,5,2.6,30944.2,117,0.3348,863.37,good
2528.0,business,540,0.5513,0.627,3,4,2,0.5,34267.95,0,0.4962,1416.85,good
5324.0,new car,743,0.2911,0.9272,1,1,3,9.3,39309.89,126,0.2183,715.26,good
6560.0,new car,487,0.5301,0.6436,1,1,4,2.0,26734.48,48,0.51,1136.3,bad
2969.0,furniture/equipment,396,0.7742,0.5284,3,0,6,3.9,27012.73,0,0.5902,1328.59,bad
1206.0,radio/tv,645,0.3746,0.8619,1,0,4,9.0,24582.43,117,0.3344,685.02,good
2118.0,radio/tv,733,0.3545,0.9185,1,1,4,4.0,22856.43,36,0.2398,456.76,good
629.0,radio/tv,809,0.0198,0.9417,0,0,4,7.5,54272.67,129,0.1003,453.75,good
1198.0,education,375,0.7623,0.5532,6,3,3,5.6,27603.97,116,0.6052,1392.22,bad
2476.0,used car,831,0.1713,0.9696,0,0,3,9.5,93789.93,133,0.1116,872.54,good
1138.0,radio/tv,738,0.3021,0.8945,1,0,8,8.9,19091.09,14,0.2681,426.54,good
14027.0,new car,332,0.8171,0.4814,1,2,2,3.9,60302.46,57,0.6028,3029.2,bad
7596.0,used car,837,0.0882,0.9901,0,0,4,9.4,55118.31,129,0.1259,578.08,good
3077.0,radio/tv,812,0.0466,0.9875,0,0,5,6.3,55777.1,137,0.1561,725.42,good
1505.0,radio/tv,788,0.1508,0.8453,0,1,3,3.7,69478.86,23,0.2747,1590.5,good
3148.0,radio/tv,817,0.1524,0.9813,0,0,6,5.8,38177.28,32,0.1163,370.06,good
6148.0,used car,577,0.4678,0.7487,2,1,5,7.0,42597.51,125,0.3376,1198.54,good
1337.0,radio/tv,712,0.2625,0.9066,1,1,4,3.0,88831.2,4,0.2905,2150.58,bad
433.0,education,404,0.7194,0.5605,6,0,3,2.0,31074.55,0,0.569,1473.57,bad
1228.0,new car,486,0.6638,0.545,2,2,3,0.9,14508.53,13,0.4606,556.9,bad
790.0,radio/tv,717,0.1873,0.8744,1,1,3,7.2,29733.14,20,0.3238,802.3,good
2570.0,new car,580,0.5268,0.7172,5,1,3,5.0,38530.25,26,0.3927,1260.98,bad
250.0,new car,793,0.1326,0.8819,0,0,4,3.7,27812.69,27,0.1302,301.81,good
1316.0,radio/tv,827,0.0222,0.982,0,0,4,4.6,26423.19,44,0.0908,199.9,good
1882.0,radio/tv,373,0.8007,0.5249,2,2,5,6.3,31344.26,0,0.5903,1541.94,bad
6416.0,business,323,0.7234,0.4847,4,4,5,3.8,38328.63,101,0.5733,1831.13,bad
1275.0,business,806,0.1198,0.9303,0,0,8,9.7,40916.85,27,0.0915,311.91,good
6403.0,radio/tv,681,0.2744,0.8137,1,1,4,4.5,47570.51,0,0.2107,835.41,good
1987.0,radio/tv,557,0.439,0.7328,3,2,2,7.6,12000.0,19,0.377,377.02,bad
760.0,radio/tv,803,0.0481,0.9375,2,1,3,5.1,21039.03,56,0.1915,335.83,good
2603.0,used car,781,0.2081,1.0,0,0,5,10.4,34149.42,23,0.1014,288.6,good
3380.0,new car,817,0.1161,0.9391,1,0,3,1.4,35863.34,67,0.1535,458.82,good
3990.0,domestic appliance,434,0.6183,0.5572,0,2,4,2.6,12000.0,0,0.5543,554.31,good
11560.0,used car,481,0.6372,0.6449,2,3,5,7.2,41327.95,21,0.4504,1551.21,bad
4380.0,new car,536,0.5147,0.6944,3,1,2,6.0,20838.38,16,0.4312,748.8,good
6761.0,new car,764,0.1051,0.9823,0,0,5,3.1,102656.82,70,0.1374,1175.42,good
4280.0,business,424,0.7449,0.4702,4,4,6,6.1,12000.0,9,0.5456,545.6,bad
2325.0,new car,484,0.5052,0.6125,2,0,6,5.3,22236.38,47,0.4555,844.06,good
1048.0,radio/tv,563,0.4919,0.7432,2,1,3,5.5,14263.53,24,0.3803,452.0,good
3160.0,radio/tv,816,0.0313,0.9081,0,0,3,7.4,40615.32,125,0.2033,688.05,good
2483.0,furniture/equipment,500,0.5609,0.6076,6,1,3,7.7,33253.14,32,0.4936,1367.74,good
14179.0,furniture/equipment,605,0.3591,0.7324,0,0,6,10.2,63104.87,44,0.2713,1426.73,good
1797.0,business,622,0.4465,0.7232,3,1,6,1.4,19056.19,0,0.2806,445.56,good
2511.0,new car,405,0.6722,0.5696,3,1,2,4.6,21881.13,0,0.5202,948.61,good
1274.0,new car,543,0.5593,0.6669,4,1,2,0.5,17201.72,0,0.506,725.29,bad
5248.0,used car,826,0.1348,0.954,0,0,5,5.3,38778.71,16,0.1392,449.94,good
3029.0,used car,833,0.0297,0.973,0,0,4,3.5,37402.54,60,0.0557,173.48,good
428.0,furniture/equipment,676,0.3581,0.8706,3,0,3,0.5,41144.47,130,0.2774,951.14,good
976.0,new car,547,0.5288,0.6845,1,3,3,3.8,17586.16,0,0.4866,713.16,bad
841.0,business,728,0.217,0.8612,1,0,5,8.5,21200.09,72,0.2252,397.89,good
5771.0,radio/tv,757,0.1604,0.9205,0,0,5,2.8,34721.41,61,0.2018,583.83,good
1555.0,repairs,801,0.1334,0.9393,0,1,4,8.3,48010.83,134,0.145,580.06,bad
1285.0,new car,452,0.6458,0.6247,1,3,3,10.1,30786.34,54,0.4522,1160.16,bad
1299.0,new car,815,0.0635,0.9972,0,1,7,0.5,36487.18,23,0.15,456.09,good
1271.0,radio/tv,813,0.1027,0.9545,0,0,6,8.1,45160.68,14,0.2068,778.45,bad
1393.0,new car,820,0.1215,1.0,1,0,3,2.7,31339.03,31,0.1547,404.1,good
691.0,new car,636,0.461,0.7773,1,2,6,5.2,37606.29,131,0.3503,1097.77,bad
5045.0,new car,779,0.0307,0.9644,1,0,4,9.2,52209.14,147,0.1344,584.93,good
2124.0,furniture/equipment,550,0.5453,0.6376,2,0,7,6.6,28843.6,13,0.3904,938.46,bad
2214.0,radio/tv,615,0.5219,0.7787,2,2,4,5.5,20441.06,23,0.3513,598.35,good
12680.0,new car,733,0.2639,0.8986,2,2,2,8.0,80870.85,138,0.2026,1365.64,bad
2463.0,new car,751,0.2076,0.9089,1,1,7,5.1,33883.66,73,0.1565,441.87,good
1155.0,radio/tv,716,0.2566,0.8694,1,1,7,5.7,27025.82,131,0.2694,606.79,good
3108.0,furniture/equipment,470,0.5723,0.6261,4,3,3,6.3,23229.12,0,0.5116,990.4,bad
2901.0,used car,810,0.0727,0.9149,0,0,6,10.7,30106.43,0,0.0603,151.21,good
3617.0,furniture/equipment,732,0.2934,0.8545,1,0,7,7.4,30189.88,123,0.2147,540.21,good
1655.0,radio/tv,850,0.0411,0.9814,0,0,5,11.1,41367.28,128,0.1522,524.54,good
2812.0,used car,724,0.2345,0.8817,0,2,3,7.6,40604.76,131,0.155,524.56,good
8065.0,education,370,0.6996,0.4703,3,2,5,2.0,61572.5,19,0.6144,3152.42,bad
3275.0,used car,831,0.0714,0.9232,0,0,3,7.4,92165.71,123,0.0594,456.25,good
2223.0,radio/tv,769,0.1827,0.9342,0,0,5,7.7,38012.11,124,0.1386,439.09,good
1480.0,new car,738,0.179,0.8673,2,2,6,9.3,28137.7,0,0.1787,418.9,good
1371.0,new car,489,0.561,0.6207,2,1,5,6.2,36966.59,18,0.517,1592.55,bad
3535.0,new car,818,0.1993,0.9289,0,1,5,8.8,39958.45,60,0.2044,680.76,good
3509.0,radio/tv,675,0.3249,0.8287,2,0,4,2.8,45114.11,57,0.3215,1208.86,good
5711.0,used car,837,0.0864,0.9345,0,0,6,2.1,86535.28,130,0.1326,955.91,good
3872.0,repairs,630,0.397,0.807,3,2,3,5.3,52081.72,0,0.3019,1310.22,good
4933.0,radio/tv,771,0.2111,0.9408,0,0,6,2.4,39462.59,56,0.2056,676.09,bad
1940.0,new car,850,0.0,1.0,0,0,5,8.3,49386.26,133,0.1152,473.95,good
1410.0,retraining,745,0.1676,0.9279,0,0,5,4.7,22362.93,33,0.1832,341.34,good
836.0,new car,423,0.6384,0.6046,3,0,2,0.5,12000.0,0,0.4859,485.94,bad
6468.0,used car,838,0.1851,0.9642,0,0,5,9.2,86383.83,0,0.1091,785.68,good
1941.0,business,779,0.26,0.8923,0,1,5,4.6,27255.02,32,0.2219,503.92,good
2675.0,radio/tv,789,0.1246,0.9531,0,0,5,8.5,50486.02,138,0.1241,522.25,good
2751.0,used car,849,0.0936,0.9586,0,0,5,7.3,36871.46,124,0.1551,476.55,good
6224.0,education,432,0.6997,0.5322,4,1,6,6.2,58192.22,113,0.562,2725.28,bad
5998.0,education,349,0.8014,0.5664,5,1,3,2.0,13701.42,16,0.5465,623.95,bad
1188.0,business,616,0.4589,0.7924,3,3,3,6.7,37074.92,137,0.322,994.92,bad
6313.0,used car,845,0.04,0.9495,1,0,3,9.9,80726.89,128,0.109,733.16,good
1221.0,furniture/equipment,850,0.0658,0.9928,0,0,9,6.2,40391.0,38,0.1291,434.42,good
2892.0,furniture/equipment,627,0.4905,0.7835,4,0,5,7.8,41250.72,131,0.3436,1181.21,good
3062.0,furniture/equipment,737,0.2632,0.8769,0,1,3,6.5,33835.19,121,0.2514,708.72,good
2301.0,furniture/equipment,744,0.148,0.8909,0,0,5,10.5,30354.75,3,0.213,538.73,good
7511.0,used car,773,0.1216,0.9077,0,1,2,8.6,42537.64,120,0.1039,368.16,bad
1258.0,furniture/equipment,742,0.0829,0.9036,1,1,6,8.5,19698.24,4,0.2123,348.45,good
717.0,new car,793,0.1324,0.9439,1,0,4,9.3,54528.1,142,0.1195,543.14,good
1549.0,new car,736,0.2023,0.907,2,0,5,0.8,15135.61,16,0.2275,286.97,good
1597.0,education,719,0.1568,0.8911,0,0,6,7.1,42095.31,136,0.2354,825.73,good
1795.0,radio/tv,751,0.1789,0.8771,1,0,4,7.4,28488.42,130,0.1852,439.55,good
4272.0,furniture/equipment,645,0.4485,0.8643,3,0,5,7.8,39226.5,128,0.2947,963.28,good
976.0,radio/tv,816,0.1642,0.9427,0,0,7,8.5,40483.88,138,0.1742,587.64,good
7472.0,new car,643,0.3609,0.7651,1,3,4,6.2,12000.0,0,0.2929,292.87,good
9271.0,new car,459,0.6187,0.6356,4,1,4,1.1,18518.53,47,0.4958,765.13,bad
590.0,radio/tv,760,0.0638,0.9524,2,1,2,8.2,22019.25,0,0.1641,301.11,good
930.0,radio/tv,824,0.0097,0.9534,0,0,9,8.9,69695.11,132,0.121,703.0,good
9283.0,used car,545,0.5325,0.6615,1,1,4,4.0,73430.99,0,0.4068,2489.11,good
1778.0,new car,412,0.7206,0.6107,6,2,6,0.5,12000.0,0,0.4855,485.47,bad
907.0,business,700,0.2453,0.8615,2,0,2,4.2,49133.63,0,0.2766,1132.34,good
484.0,radio/tv,823,0.0975,0.9297,0,0,4,7.3,19570.48,73,0.1714,279.49,good
9629.0,used car,695,0.3205,0.864,1,1,5,9.9,45214.18,66,0.2582,972.72,bad
3051.0,domestic appliance,502,0.652,0.6338,0,1,5,7.1,29793.1,16,0.4062,1008.43,bad
3931.0,new car,401,0.6763,0.5315,3,3,2,6.9,39952.42,51,0.5577,1856.82,bad
7432.0,new car,440,0.7315,0.5483,3,1,3,1.1,42223.33,15,0.6262,2203.26,good
1338.0,domestic appliance,838,0.1872,0.9424,0,0,3,10.1,61271.06,29,0.106,541.12,good
1554.0,radio/tv,808,0.0772,0.9919,1,0,6,5.3,55705.8,59,0.2108,978.48,good
15857.0,other,377,0.7758,0.4603,8,2,3,5.3,74436.58,0,0.6032,3741.48,good
1345.0,radio/tv,486,0.6095,0.5871,3,2,6,4.3,40782.42,17,0.4998,1698.62,bad
1101.0,new car,669,0.2532,0.8782,1,0,4,2.3,39698.2,37,0.3241,1072.24,good
3016.0,radio/tv,681,0.2656,0.8733,1,0,3,1.7,37175.05,33,0.2342,725.62,good
2712.0,furniture/equipment,529,0.5692,0.666,3,3,3,1.5,31871.08,112,0.522,1386.28,bad
731.0,new car,685,0.2823,0.7812,1,1,5,8.4,23810.45,123,0.2972,589.66,good
3780.0,furniture/equipment,781,0.0995,0.864,0,1,6,6.6,81487.93,0,0.1557,1057.59,good
1602.0,new car,541,0.4755,0.7407,3,0,4,6.3,31042.45,123,0.4273,1105.41,good
3966.0,new car,455,0.562,0.5979,1,1,6,8.3,24295.92,115,0.4713,954.19,bad
4165.0,business,621,0.3382,0.7936,3,0,5,4.1,48326.63,20,0.3184,1282.2,bad
8335.0,used car,672,0.2954,0.8316,1,1,5,6.6,52148.9,122,0.2434,1057.85,bad
6681.0,business,550,0.457,0.6891,3,1,5,8.2,42717.01,26,0.3911,1392.05,good
2375.0,business,786,0.1497,0.9873,1,0,4,3.0,41460.22,25,0.2038,704.0,good
1216.0,new car,413,0.8323,0.4783,1,0,2,2.4,22069.52,0,0.5112,940.21,bad
11816.0,business,300,0.7947,0.4673,5,0,6,3.5,32490.51,100,0.6097,1650.7,bad
5084.0,radio/tv,751,0.266,0.8801,0,0,3,6.2,42441.37,126,0.1759,622.13,good
2327.0,radio/tv,749,0.256,0.8747,1,0,2,3.9,13088.05,0,0.213,232.33,bad
1082.0,new car,399,0.6978,0.5589,1,4,5,6.2,31060.32,9,0.5949,1539.93,bad
886.0,radio/tv,773,0.2147,0.9528,1,0,4,4.4,35701.43,22,0.2045,608.39,good
601.0,furniture/equipment,751,0.2353,0.9437,2,2,3,6.8,20010.24,0,0.2256,376.14,good
2957.0,used car,774,0.0516,0.9087,2,0,4,8.7,64547.07,131,0.1338,719.96,good
2611.0,radio/tv,788,0.1784,0.8998,0,1,5,6.0,36315.96,121,0.1713,518.55,good
5179.0,furniture/equipment,550,0.4835,0.6807,0,0,3,3.1,27684.55,50,0.4193,967.38,bad
2993.0,used car,801,0.2449,0.9234,1,0,6,2.7,14026.18,23,0.1595,186.43,good
1943.0,repairs,675,0.2568,0.8106,0,1,7,7.4,20720.29,0,0.2492,430.32,bad
1559.0,business,759,0.1778,0.9283,1,0,4,7.3,53563.08,58,0.1862,831.18,good
3422.0,furniture/equipment,668,0.2849,0.7908,1,2,9,8.1,42176.5,128,0.2355,827.71,good
3976.0,furniture/equipment,802,0.1839,0.9131,0,0,3,5.4,35850.55,72,0.0887,265.07,good
6761.0,new car,724,0.2673,0.9091,1,1,5,7.3,59603.11,23,0.161,799.77,bad
1249.0,new car,656,0.3419,0.7958,0,1,3,4.3,41011.48,1,0.2406,822.42,good
1364.0,radio/tv,732,0.1052,0.961,2,1,3,7.5,45697.68,73,0.1412,537.78,good
709.0,radio/tv,655,0.3654,0.8461,1,1,3,6.5,26241.97,108,0.2712,593.14,bad
2235.0,new car,593,0.4851,0.7458,1,1,4,3.5,38083.51,43,0.3036,963.4,bad
4042.0,used car,850,0.046,0.9873,0,0,5,10.0,50263.98,73,0.0806,337.49,good
1471.0,radio/tv,809,0.1747,0.9278,0,0,4,10.5,42879.07,29,0.164,586.11,good
1442.0,new car,406,0.7322,0.52,0,3,6,6.7,16377.29,47,0.5515,752.67,bad
10875.0,new car,602,0.4579,0.7769,2,2,5,2.6,42923.96,126,0.3587,1283.05,good
1474.0,new car,706,0.2104,0.8771,1,0,7,6.6,42057.28,5,0.2936,1029.14,good
894.0,retraining,845,0.1663,0.9928,0,0,3,5.0,52984.85,62,0.0995,439.47,good
3343.0,furniture/equipment,795,0.1864,0.9745,0,1,4,4.4,44809.22,28,0.1394,520.59,good
3959.0,new car,464,0.6145,0.6794,2,0,3,2.9,21126.79,28,0.4578,805.96,bad
3577.0,new car,844,0.0568,0.9166,2,0,3,5.0,34758.57,37,0.1569,454.39,good
5804.0,used car,805,0.1461,0.9299,0,0,6,3.6,31629.41,25,0.0835,219.96,good
2169.0,business,738,0.1301,0.9209,0,1,3,5.3,40952.99,23,0.222,757.61,bad
2439.0,radio/tv,550,0.4295,0.6916,0,1,3,5.9,24604.45,0,0.4089,838.41,bad
4526.0,furniture/equipment,794,0.193,0.9476,1,1,8,2.9,23876.17,5,0.1,199.07,good
2210.0,furniture/equipment,731,0.1385,0.8863,2,0,2,4.0,19503.86,28,0.1463,237.71,bad
2221.0,furniture/equipment,757,0.1763,0.8783,0,0,2,8.5,33956.44,35,0.1585,448.41,good
2389.0,radio/tv,423,0.7563,0.6017,3,1,3,1.1,31337.46,0,0.5134,1340.62,good
3331.0,furniture/equipment,785,0.0923,0.8947,0,0,4,9.4,53126.72,146,0.151,668.37,good
7409.0,business,737,0.2057,0.9135,1,0,5,4.8,45789.95,116,0.1746,666.42,good
652.0,furniture/equipment,466,0.5714,0.6465,3,1,4,7.2,22600.95,113,0.4439,836.13,good
7678.0,furniture/equipment,767,0.0365,0.9227,2,1,5,8.4,52681.01,83,0.1389,609.96,good
1343.0,new car,840,0.1123,1.0,0,0,4,9.1,36559.82,134,0.1772,539.82,good
1382.0,business,737,0.1272,0.915,1,0,6,2.3,30971.73,61,0.1257,324.51,good
874.0,domestic appliance,806,0.132,0.9015,0,0,4,1.0,37571.7,2,0.2133,667.96,good
3590.0,furniture/equipment,594,0.4187,0.7008,2,1,5,2.4,19014.02,5,0.3575,566.44,good
1322.0,new car,752,0.2169,0.8398,0,0,8,7.8,45687.58,25,0.2548,970.17,good
1940.0,radio/tv,408,0.6776,0.5688,2,2,3,10.0,62700.87,0,0.4962,2592.78,good
3595.0,radio/tv,697,0.2764,0.8249,1,1,4,3.1,40091.02,133,0.3015,1007.27,good
1422.0,new car,553,0.4979,0.7101,1,1,3,3.0,74932.24,0,0.3229,2016.48,bad
6742.0,radio/tv,850,0.0435,0.9541,0,0,4,8.0,39771.89,58,0.1709,566.29,good
7814.0,used car,820,0.1639,0.9564,0,0,4,6.7,90464.49,70,0.1164,877.35,good
9277.0,used car,795,0.1504,0.9313,1,0,3,9.6,57842.95,16,0.2012,969.96,good
2181.0,new car,686,0.2492,0.8581,1,0,6,7.1,41566.43,143,0.2303,797.56,good
1098.0,radio/tv,800,0.1856,0.981,0,1,5,7.7,31143.84,0,0.1341,347.93,good
4057.0,furniture/equipment,703,0.3704,0.7972,0,0,3,3.7,41932.5,42,0.3126,1092.42,bad
795.0,education,459,0.5929,0.6162,7,1,2,6.5,38737.25,0,0.4965,1602.67,bad
2825.0,business,779,0.1594,0.8899,0,2,7,8.5,41034.15,63,0.1657,566.45,good
15672.0,business,406,0.6666,0.5545,1,6,2,2.3,24068.27,0,0.6073,1218.11,bad
6614.0,new car,719,0.306,0.8124,1,0,5,8.4,77432.37,134,0.2498,1612.01,good
7824.0,used car,775,0.2114,0.9112,0,0,4,10.3,36306.39,4,0.1518,459.24,good
2442.0,business,508,0.4775,0.6714,1,0,11,7.4,65920.23,125,0.4273,2347.36,good
1829.0,radio/tv,798,0.1156,0.9483,0,0,7,7.9,55045.86,131,0.0865,396.68,good
2171.0,new car,659,0.2894,0.7173,0,0,6,8.1,22573.11,28,0.2946,554.17,good
5800.0,used car,761,0.2047,0.908,1,0,6,8.9,45241.16,9,0.2361,890.26,good
1169.0,radio/tv,850,0.0,1.0,0,0,5,7.0,34561.46,29,0.1256,361.7,good
8947.0,used car,808,0.1279,0.9819,0,0,4,4.6,42219.99,65,0.1676,589.69,good
2606.0,radio/tv,479,0.6084,0.5937,4,2,4,4.2,51904.83,0,0.4852,2098.57,good
1592.0,furniture/equipment,850,0.0925,1.0,0,0,3,3.9,36053.08,62,0.2132,640.58,good
2186.0,furniture/equipment,809,0.0535,0.943,1,0,5,7.7,23138.25,73,0.1746,336.65,good
4153.0,furniture/equipment,589,0.3505,0.7478,2,0,3,7.8,48689.05,11,0.3504,1421.88,bad
2625.0,new car,710,0.2396,0.8522,2,1,9,8.2,42184.94,123,0.2369,832.97,bad
3485.0,new car,809,0.0902,0.9415,0,0,7,7.4,51558.53,0,0.1339,575.45,good
10477.0,used car,836,0.1231,0.8884,0,0,7,10.2,44632.3,125,0.1412,525.21,good
1386.0,radio/tv,784,0.1335,0.9089,1,0,4,4.9,40190.91,28,0.183,612.91,good
1278.0,radio/tv,817,0.0896,0.9405,1,0,2,3.6,89214.1,115,0.0928,689.92,good
1107.0,radio/tv,647,0.3878,0.8114,2,2,3,4.5,92282.58,21,0.3038,2336.04,good
3763.0,new car,796,0.0821,0.9293,0,0,6,3.9,16104.38,56,0.156,209.36,good
3711.0,education,547,0.451,0.6993,1,3,2,4.3,34901.46,14,0.3458,1005.76,good
3594.0,used car,809,0.1004,0.948,0,0,5,5.6,24947.71,1,0.0658,136.79,good
3195.0,new car,725,0.2344,0.8814,0,0,3,2.8,21000.99,35,0.2553,446.84,good
4454.0,radio/tv,657,0.2904,0.7903,1,0,6,7.2,41229.67,38,0.3289,1130.13,good
4736.0,furniture/equipment,570,0.4549,0.7238,3,1,3,9.0,12000.0,5,0.3983,398.27,bad
2991.0,radio/tv,693,0.2178,0.8359,2,2,4,5.3,34348.05,141,0.2549,729.74,good
2142.0,business,814,0.0965,1.0,0,0,2,5.4,41267.81,134,0.1634,561.92,good
3161.0,business,426,0.755,0.5582,5,3,2,2.2,31229.17,11,0.6165,1604.46,bad
18424.0,other,399,0.7531,0.5554,2,3,8,2.4,56109.53,9,0.5817,2719.86,bad
2848.0,used car,850,0.1404,0.924,0,0,3,4.9,39633.03,18,0.1049,346.39,good
14896.0,new car,408,0.678,0.5413,2,1,3,6.9,44900.82,120,0.5096,1906.97,bad
2359.0,furniture/equipment,604,0.4042,0.7076,3,2,3,1.8,42298.93,0,0.3763,1326.52,bad
3345.0,furniture/equipment,539,0.4769,0.694,1,0,3,2.0,45652.14,125,0.3851,1464.92,bad
1817.0,furniture/equipment,706,0.2032,0.8113,1,0,5,4.6,27890.06,30,0.2247,522.18,good
12749.0,radio/tv,738,0.238,0.8777,1,1,4,0.5,71727.83,73,0.2177,1301.05,good
1366.0,radio/tv,505,0.5781,0.5887,1,1,4,6.7,24583.3,0,0.4546,931.21,bad
2002.0,new car,629,0.371,0.774,2,0,5,6.0,27955.23,50,0.2943,685.71,good
6872.0,furniture/equipment,383,0.6928,0.4906,3,3,3,0.5,41802.7,8,0.5803,2021.56,bad
697.0,new car,402,0.6539,0.5193,4,1,5,0.9,35703.73,0,0.557,1657.27,bad
1049.0,furniture/equipment,516,0.566,0.6402,0,2,4,9.7,25949.98,0,0.4449,962.03,good
10297.0,used car,389,0.7085,0.5373,2,3,9,4.6,31956.58,48,0.5439,1448.52,bad
1867.0,radio/tv,850,0.0372,0.934,0,0,3,8.5,57180.27,118,0.1612,768.21,good
1344.0,new car,558,0.5138,0.6962,1,0,8,4.8,23200.62,25,0.3831,740.65,good
1747.0,furniture/equipment,647,0.3929,0.7876,0,1,5,0.5,13121.37,0,0.2958,323.47,good
1670.0,radio/tv,607,0.423,0.7419,3,0,4,2.4,30301.27,3,0.3081,778.11,bad
1224.0,new car,817,0.1289,0.9003,0,1,5,2.5,42447.22,18,0.1665,588.99,good
522.0,radio/tv,817,0.0911,1.0,0,0,5,10.1,55042.24,135,0.1534,703.56,good
1498.0,radio/tv,504,0.6648,0.6681,4,1,4,0.5,27789.09,37,0.471,1090.71,good
1919.0,radio/tv,532,0.6082,0.661,3,1,5,3.8,60289.57,0,0.3981,1999.92,bad
745.0,radio/tv,740,0.2291,0.8633,2,0,3,4.0,21681.2,36,0.2808,507.25,bad
2063.0,radio/tv,624,0.5064,0.769,3,1,4,4.1,75384.12,0,0.3198,2008.85,good
6288.0,education,329,0.7944,0.502,3,3,5,7.9,34768.54,6,0.5956,1725.75,bad
6842.0,used car,850,0.0664,1.0,0,0,7,9.3,78587.94,25,0.1167,764.55,good
3527.0,new car,825,0.1183,0.9109,0,1,3,4.5,90880.67,3,0.0878,665.11,good
1546.0,new car,826,0.1213,0.9488,0,0,3,3.3,20864.27,14,0.1191,207.11,good
929.0,furniture/equipment,807,0.1115,0.9765,0,0,4,7.4,37456.6,55,0.1856,579.24,good
1455.0,new car,803,0.0974,1.0,0,0,6,3.3,24895.07,50,0.1329,275.61,good
1845.0,furniture/equipment,558,0.4528,0.7466,1,0,2,0.5,39817.55,0,0.4429,1469.52,good
8358.0,new car,323,0.6966,0.535,5,1,4,0.5,28476.96,0,0.5286,1254.52,good
3349.0,furniture/equipment,443,0.671,0.5804,4,2,4,6.7,28505.96,0,0.4294,1020.03,bad
2859.0,new car,774,0.0911,0.9149,0,1,4,7.7,77588.35,2,0.2803,1812.37,good
1533.0,furniture/equipment,698,0.4377,0.8217,1,1,4,0.8,22355.01,3,0.3163,589.33,bad
3621.0,radio/tv,789,0.1281,0.9424,1,0,7,7.6,32858.06,125,0.1851,506.93,bad
3590.0,business,704,0.2951,0.7922,3,1,8,3.9,17226.97,0,0.3123,448.37,good
2145.0,business,659,0.2067,0.8533,1,1,4,0.5,39940.36,54,0.2811,935.72,bad
4113.0,used car,625,0.3572,0.77,0,1,3,8.8,34473.94,0,0.3086,886.55,bad
10974.0,furniture/equipment,519,0.5457,0.6847,2,0,4,3.5,54825.49,0,0.4634,2117.05,bad
1893.0,new car,567,0.3608,0.6823,2,2,2,7.4,46406.57,31,0.3558,1375.85,good
1231.0,radio/tv,759,0.1609,0.8664,0,0,5,10.2,73135.84,129,0.159,968.85,good
3656.0,radio/tv,777,0.1467,0.8905,0,0,6,8.1,26635.04,129,0.1559,345.99,good
1154.0,radio/tv,778,0.1315,0.9431,0,1,9,8.7,26122.59,136,0.1654,360.14,good
4006.0,new car,465,0.5829,0.5948,3,2,3,0.5,19701.58,23,0.4377,718.57,bad
3069.0,furniture/equipment,590,0.3381,0.6766,0,1,2,7.5,28223.79,106,0.3349,787.7,good
1740.0,radio/tv,808,0.1641,0.97,0,1,5,3.5,22246.37,140,0.1706,316.36,good
2353.0,new car,560,0.4664,0.7132,2,1,4,7.1,40359.42,23,0.3417,1149.13,good
3556.0,new car,737,0.13,0.9018,1,0,5,5.1,31848.85,26,0.1886,500.6,good
2397.0,radio/tv,727,0.1929,0.9507,2,2,5,3.8,42634.51,118,0.1233,438.06,bad
454.0,repairs,582,0.4127,0.7234,4,1,2,0.6,17166.96,2,0.3725,532.88,good
1715.0,radio/tv,650,0.3991,0.7741,1,1,2,1.4,37242.93,11,0.344,1067.71,good
2520.0,radio/tv,711,0.2791,0.8317,0,1,5,2.7,24853.48,23,0.2055,425.69,bad
3568.0,radio/tv,669,0.2694,0.8702,0,0,2,4.4,91385.21,128,0.2249,1712.66,good
7166.0,radio/tv,829,0.1506,0.8981,1,1,2,7.5,35132.11,75,0.1083,317.19,good
3939.0,new car,681,0.2169,0.8519,1,0,5,3.8,24611.49,22,0.2669,547.32,good
1514.0,repairs,741,0.2217,0.896,0,2,3,4.9,33034.49,28,0.1897,522.31,good
7393.0,new car,682,0.3573,0.8197,4,0,3,8.3,31491.15,12,0.3138,823.47,good
1193.0,new car,306,0.7146,0.5128,2,2,5,4.7,12000.0,0,0.5798,579.79,bad
7297.0,business,315,0.8352,0.4552,7,6,3,6.5,13551.92,107,0.5528,624.34,bad
2831.0,radio/tv,793,0.1508,0.9231,1,1,4,3.6,32465.51,31,0.1872,506.39,good
1258.0,radio/tv,755,0.2936,0.8568,0,0,3,5.0,35160.77,17,0.2252,659.71,good
753.0,radio/tv,850,0.1204,0.9975,0,0,2,7.4,58860.0,37,0.1296,635.49,good
2427.0,business,726,0.1936,0.9151,0,0,4,3.9,39098.58,125,0.2257,735.48,good
2538.0,new car,680,0.3629,0.8674,2,1,5,7.6,23256.26,119,0.2756,534.19,bad
1264.0,new car,455,0.6135,0.6527,3,2,4,0.9,19688.22,8,0.4587,752.63,bad
8386.0,furniture/equipment,760,0.1642,0.8444,1,0,2,5.4,59851.19,49,0.1707,851.47,bad
4844.0,business,556,0.503,0.7052,5,1,3,2.6,81497.82,0,0.4092,2778.79,bad
2923.0,new car,604,0.3538,0.7466,0,1,4,1.5,49906.05,34,0.3553,1477.61,good
8229.0,used car,521,0.4588,0.6549,3,0,4,1.5,28480.01,21,0.3917,929.61,bad
2028.0,furniture/equipment,828,0.0621,0.9841,0,0,5,3.6,22270.95,64,0.0963,178.75,good
1433.0,furniture/equipment,499,0.5481,0.6845,1,2,6,4.6,28364.34,0,0.3762,889.25,good
6289.0,business,429,0.6254,0.5395,2,4,7,1.2,43710.5,0,0.5756,2096.76,good
1409.0,radio/tv,803,0.087,0.9822,1,0,3,8.9,59825.12,0,0.0655,326.76,good
6579.0,used car,590,0.4599,0.7362,1,1,2,2.9,49438.64,0,0.4144,1707.11,good
1743.0,radio/tv,717,0.2972,0.8729,1,0,5,2.5,27847.8,136,0.3109,721.59,good
3565.0,education,827,0.0219,1.0,0,0,6,1.8,25637.11,0,0.2138,456.83,good
1569.0,radio/tv,671,0.2833,0.8753,1,0,5,6.9,20842.6,116,0.2607,452.82,good
1936.0,radio/tv,719,0.1719,0.9249,0,0,5,9.1,17813.69,72,0.2319,344.26,good
3959.0,furniture/equipment,452,0.6163,0.6869,1,1,4,5.0,35600.84,0,0.4236,1256.83,good
2390.0,new car,791,0.0988,0.963,0,0,5,6.0,49337.29,122,0.2001,822.5,good
1736.0,furniture/equipment,757,0.085,0.8827,0,2,3,8.3,17531.05,59,0.1672,244.22,good
3857.0,used car,570,0.5239,0.7326,3,2,6,8.4,77924.1,29,0.39,2532.24,good
804.0,radio/tv,785,0.178,0.9857,2,0,3,8.9,45307.96,133,0.1535,579.61,good
1845.0,radio/tv,485,0.6037,0.6332,3,3,4,5.1,28412.15,10,0.5391,1276.36,bad
4576.0,used car,750,0.2984,0.8497,1,0,5,8.0,28933.41,0,0.2233,538.29,good
